Country,Item Type,Sales Channel,Order Priority,Order Date,Order ID,Ship Date,Units Sold,Total Profit
Czech Republic,Beverages,Offline,C,9/12/2011,478051030,9/29/2011,4778,74823.48
Bosnia and Herzegovina,Clothes,Online,M,10/14/2013,919133651,11/4/2013,927,68078.88
Austria,Cereal,Offline,C,8/13/2014,987410676,9/6/2014,5616,497521.44
Bulgaria,Office Supplies,Online,L,10/31/2010,672330081,11/29/2010,6266,791082.5
Estonia,Fruits,Online,L,9/28/2016,579463422,11/1/2016,4958,11948.78
Montenegro,Fruits,Offline,L,5/29/2016,313705861,7/10/2016,1390,3349.9
Czech Republic,Cereal,Online,M,7/8/2011,552037513,8/5/2011,9022,799258.98
Luxembourg,Vegetables,Offline,L,2/13/2010,744683635,4/1/2010,7291,460280.83
Switzerland,Meat,Online,L,3/21/2014,169378983,4/10/2014,1860,106392
Finland,Beverages,Online,H,3/16/2012,566428315,3/23/2012,7581,118718.46
Belgium,Snacks,Online,M,1/12/2015,519380223,1/17/2015,5005,275975.7
San Marino,Office Supplies,Online,H,4/13/2014,904589211,5/4/2014,6905,871756.25
Bosnia and Herzegovina,Baby Food,Online,C,4/4/2015,184412229,4/7/2015,531,50901.66
Netherlands,Meat,Offline,M,3/8/2017,747774398,4/3/2017,1916,109595.2
Ukraine,Cosmetics,Online,H,1/22/2011,773645913,1/28/2011,7873,1368878.51
Bosnia and Herzegovina,Meat,Online,H,7/24/2012,410740888,9/1/2012,6211,355269.2
Latvia,Meat,Offline,M,12/15/2011,847317397,12/18/2011,8902,509194.4
Serbia,Beverages,Online,L,9/3/2012,599624192,9/21/2012,978,15315.48
Portugal,Office Supplies,Online,M,1/21/2014,734318292,3/4/2014,9956,1256945
Poland,Household,Offline,L,7/7/2017,232196319,8/4/2017,905,149985.65
Liechtenstein,Cosmetics,Online,L,7/15/2012,229693067,7/15/2012,138,23994.06
United Kingdom,Beverages,Online,C,4/8/2017,121945512,4/12/2017,5242,82089.72
Slovenia,Fruits,Online,H,10/22/2012,169799983,11/20/2012,6443,15527.63
Malta,Vegetables,Online,M,3/11/2014,894589078,4/10/2014,7643,482502.59
Ukraine,Personal Care,Online,M,7/16/2010,987459170,8/27/2010,9967,249773.02
Cyprus,Fruits,Offline,M,7/12/2015,600515115,8/30/2015,4622,11139.02
Poland,Office Supplies,Offline,M,11/27/2015,208365428,12/29/2015,8815,1112893.75
Monaco,Personal Care,Online,L,6/8/2014,263098371,7/4/2014,5509,138055.54
Estonia,Cosmetics,Online,C,5/23/2011,790149009,5/29/2011,1505,261674.35
Norway,Cereal,Online,M,10/8/2014,100640618,10/18/2014,650,57583.5
Luxembourg,Snacks,Online,H,2/1/2011,977324712,3/10/2011,955,52658.7
Luxembourg,Snacks,Online,H,9/7/2010,510956799,9/23/2010,2326,128255.64
Armenia,Fruits,Online,M,3/23/2011,120977771,5/2/2011,8866,21367.06
Bulgaria,Snacks,Offline,L,3/11/2017,476991450,3/27/2017,1225,67546.5
Denmark,Beverages,Online,H,6/5/2016,973268353,6/26/2016,589,9223.74
Finland,Vegetables,Offline,L,2/14/2013,771674382,3/21/2013,4453,281117.89
Kosovo,Fruits,Online,L,5/2/2010,291995418,6/6/2010,6788,16359.08
Hungary,Baby Food,Online,M,1/25/2011,128686225,3/13/2011,9968,955532.48
Lithuania,Cosmetics,Offline,L,1/6/2012,420875346,2/18/2012,5223,908123.01
Albania,Vegetables,Online,C,10/5/2012,476633536,11/3/2012,5310,335220.3
Cyprus,Vegetables,Offline,C,7/2/2014,727997720,7/19/2014,9558,603396.54
Moldova ,Personal Care,Online,M,3/11/2013,467045819,4/12/2013,8092,202785.52
Kosovo,Cosmetics,Offline,C,11/1/2012,813973891,11/13/2012,1818,316095.66
Albania,Cosmetics,Offline,L,9/30/2016,576944720,10/9/2016,9619,1672455.53
Portugal,Baby Food,Online,L,8/3/2015,404789817,9/8/2015,5157,494350.02
Bosnia and Herzegovina,Baby Food,Online,C,4/30/2014,871923768,5/30/2014,474,45437.64
Kosovo,Vegetables,Offline,C,12/18/2012,818976962,12/21/2012,2337,147534.81
Switzerland,Cosmetics,Online,C,7/20/2017,233811223,7/20/2017,8792,1528665.04
Lithuania,Office Supplies,Offline,C,12/15/2016,112330758,1/11/2017,22,2777.5
Montenegro,Office Supplies,Offline,H,7/2/2014,256095016,8/21/2014,3061,386451.25
France,Meat,Online,L,11/28/2015,245440852,12/17/2015,257,14700.4
Spain,Fruits,Online,H,10/22/2011,817006289,11/14/2011,9172,22104.52
Sweden,Vegetables,Online,H,9/20/2010,298228013,10/25/2010,1151,72662.63
Latvia,Snacks,Online,C,3/15/2017,972981679,4/9/2017,5755,317330.7
Norway,Personal Care,Offline,M,6/8/2012,594813811,6/17/2012,7480,187448.8
Estonia,Clothes,Online,H,9/8/2012,176722657,9/16/2012,5016,368375.04
Malta,Personal Care,Offline,M,8/16/2011,466988742,8/16/2011,1201,30097.06
Portugal,Cereal,Online,C,8/11/2015,615080583,9/19/2015,4868,431256.12
Macedonia,Cosmetics,Online,C,12/26/2010,350977408,1/22/2011,869,151093.03
Greece,Personal Care,Offline,M,12/8/2011,701298367,1/6/2012,8626,216167.56
Italy,Personal Care,Online,C,2/25/2011,309342658,3/28/2011,222,5563.32
Norway,Household,Offline,M,3/20/2010,384128224,4/26/2010,933,154626.09
Netherlands,Household,Offline,C,1/17/2014,990774810,2/18/2014,1138,188600.74
Belgium,Vegetables,Offline,C,12/26/2011,394110763,12/29/2011,4988,314892.44
Kosovo,Fruits,Online,C,3/2/2012,899868094,3/26/2012,9821,23668.61
Germany,Baby Food,Offline,L,1/6/2017,361311852,2/15/2017,9061,868587.46
Hungary,Beverages,Online,L,5/20/2014,930136287,6/21/2014,6852,107302.32
Bulgaria,Cosmetics,Online,C,5/5/2012,179819428,6/2/2012,1420,246895.4
Bosnia and Herzegovina,Fruits,Online,H,1/5/2013,291305768,1/6/2013,2705,6519.05
Albania,Snacks,Online,H,12/2/2010,653087270,12/7/2010,1891,104269.74
Slovenia,Fruits,Offline,M,12/15/2013,812637078,1/5/2014,6225,15002.25
Macedonia,Personal Care,Online,L,7/19/2014,456192958,8/18/2014,6489,162614.34
Albania,Meat,Offline,H,1/31/2013,986449801,3/13/2013,1272,72758.4
Sweden,Cosmetics,Online,L,7/3/2017,910610234,7/31/2017,8659,1505540.33
Norway,Meat,Online,M,3/3/2017,696844613,3/22/2017,661,37809.2
Czech Republic,Personal Care,Online,M,12/4/2010,353415429,12/8/2010,2334,58490.04
Andorra,Cereal,Online,H,3/19/2010,696197879,3/26/2010,9278,821938.02
Iceland,Cosmetics,Online,C,4/5/2012,907349526,5/16/2012,3743,650795.41
Poland,Personal Care,Offline,C,4/5/2014,386440074,4/25/2014,5060,126803.6
Finland,Vegetables,Online,H,9/28/2012,800352561,10/21/2012,963,60794.19
Poland,Beverages,Offline,C,1/8/2014,714165675,2/2/2014,6348,99409.68
Croatia,Beverages,Offline,L,2/22/2013,189924275,3/21/2013,1668,26120.88
Poland,Meat,Online,H,4/30/2013,546081721,5/22/2013,6571,375861.2
Switzerland,Baby Food,Online,C,6/26/2010,979073941,7/18/2010,8591,823533.26
Bosnia and Herzegovina,Personal Care,Offline,L,2/7/2010,396718728,3/18/2010,6742,168954.52
Hungary,Beverages,Offline,M,12/3/2010,948075759,1/4/2011,5540,86756.4
Sweden,Cereal,Offline,L,10/19/2012,737736070,11/3/2012,1352,119773.68
Slovakia,Household,Offline,L,2/20/2010,585362994,4/11/2010,773,128109.29
Czech Republic,Baby Food,Offline,H,7/18/2015,850872075,8/1/2015,810,77646.6
Bosnia and Herzegovina,Office Supplies,Offline,C,11/8/2012,575583016,11/24/2012,6660,840825
Kosovo,Meat,Offline,H,2/1/2011,515773189,2/17/2011,7603,434891.6
Monaco,Personal Care,Online,H,3/29/2016,351247346,5/8/2016,750,18795
Portugal,Beverages,Offline,H,1/20/2016,554721438,1/28/2016,3256,50988.96
Germany,Cereal,Offline,C,2/19/2010,398333632,3/2/2010,4629,410083.11
Vatican City,Beverages,Online,C,12/27/2015,370484149,1/19/2016,3348,52429.68
Denmark,Baby Food,Offline,H,9/29/2013,306839406,10/1/2013,9454,906260.44
Estonia,Beverages,Offline,C,2/9/2017,653548610,2/21/2017,8412,131731.92
Belarus,Vegetables,Online,L,12/31/2012,413078916,1/11/2013,8086,510469.18
Italy,Snacks,Online,M,12/14/2010,307721745,1/1/2011,558,30768.12
Kosovo,Office Supplies,Online,C,11/9/2011,374663245,11/26/2011,35,4418.75
Ireland,Vegetables,Offline,C,11/16/2010,901670968,12/11/2010,3331,210286.03
Montenegro,Cosmetics,Offline,L,8/19/2012,353320157,8/22/2012,4141,719995.67
Norway,Cereal,Offline,L,6/20/2013,645701968,7/21/2013,6416,568393.44
Poland,Office Supplies,Online,H,9/19/2013,148894631,9/25/2013,85,10731.25
Sweden,Baby Food,Online,L,4/3/2013,443551385,5/9/2013,5566,533556.76
Vatican City,Clothes,Offline,H,3/11/2014,508014523,3/20/2014,1642,120588.48
Lithuania,Office Supplies,Online,C,7/8/2012,987767302,8/1/2012,1150,145187.5
Croatia,Baby Food,Offline,H,9/19/2012,103832662,10/20/2012,5247,502977.42
Malta,Personal Care,Online,H,2/19/2014,445708739,2/27/2014,3975,99613.5
Macedonia,Beverages,Offline,M,7/24/2012,354655683,7/31/2012,9353,146467.98
Belarus,Office Supplies,Offline,C,6/30/2017,624398362,7/24/2017,2206,278507.5
Liechtenstein,Beverages,Online,C,9/5/2016,264163959,9/22/2016,840,13154.4
Armenia,Cereal,Online,H,2/5/2013,424181544,3/4/2013,3600,318924
United Kingdom,Office Supplies,Online,H,7/3/2015,560762631,7/16/2015,979,123598.75
Moldova ,Office Supplies,Offline,L,4/4/2015,458816373,4/16/2015,2815,355393.75
Netherlands,Household,Offline,L,8/18/2013,142987763,9/1/2013,2112,350021.76
Andorra,Snacks,Offline,C,1/23/2010,480904042,2/5/2010,9048,498906.72
Armenia,Vegetables,Online,M,12/7/2016,571323239,1/1/2017,6097,384903.61
Italy,Snacks,Online,H,9/16/2012,281100928,11/3/2012,2866,158031.24
Croatia,Household,Online,L,4/26/2013,659196269,6/1/2013,9680,1604266.4
Bulgaria,Personal Care,Offline,H,10/24/2012,595496594,11/4/2012,9530,238821.8
Ireland,Personal Care,Offline,H,5/30/2010,354931628,6/8/2010,1011,25335.66
Spain,Meat,Offline,C,11/29/2011,436969029,12/17/2011,7701,440497.2
Moldova ,Vegetables,Online,L,3/28/2016,810752236,5/4/2016,8458,533953.54
Italy,Office Supplies,Offline,C,7/8/2011,886620128,7/25/2011,9453,1193441.25
Finland,Cereal,Offline,M,4/10/2010,889093768,5/20/2010,1458,129164.22
Poland,Cereal,Online,C,8/6/2011,454550588,9/6/2011,475,42080.25
Austria,Office Supplies,Online,L,2/18/2017,926064479,3/10/2017,1913,241516.25
Andorra,Fruits,Offline,C,6/29/2016,413245427,7/2/2016,7360,17737.6
Finland,Beverages,Online,H,9/18/2011,884147775,10/19/2011,7829,122602.14
Andorra,Cosmetics,Online,C,6/30/2012,328322827,7/19/2012,6876,1195530.12
Germany,Snacks,Online,H,3/22/2014,158673751,5/10/2014,3944,217472.16
Italy,Snacks,Offline,L,1/7/2014,464911210,2/10/2014,6413,353612.82
Serbia,Beverages,Online,C,10/12/2010,395562589,12/1/2010,4615,72270.9
Italy,Baby Food,Offline,H,3/1/2012,459372985,3/22/2012,7529,721729.94
Armenia,Meat,Online,L,6/25/2012,693210542,8/13/2012,5259,300814.8
Sweden,Fruits,Offline,L,8/22/2011,153974950,9/20/2011,3464,8348.24
Romania,Snacks,Online,H,8/18/2014,747327220,9/15/2014,9587,528627.18
Bosnia and Herzegovina,Clothes,Online,M,10/10/2011,166810500,11/21/2011,1789,131384.16
Lithuania,Personal Care,Offline,M,3/31/2013,386009633,4/5/2013,7683,192535.98
Germany,Personal Care,Offline,H,2/8/2016,993368613,2/16/2016,8702,218072.12
Germany,Baby Food,Online,L,12/9/2014,405986297,1/2/2015,9222,884020.92
Bulgaria,Beverages,Online,H,2/4/2016,476794040,3/7/2016,2807,43957.62
Serbia,Meat,Offline,C,12/21/2011,380610454,12/29/2011,9946,568911.2
France,Vegetables,Offline,L,2/1/2012,455040681,2/2/2012,5504,347467.52
Iceland,Clothes,Online,M,9/10/2013,917792117,10/7/2013,3938,289206.72
Albania,Cosmetics,Offline,L,6/27/2011,728793370,8/12/2011,5009,870914.83
Austria,Fruits,Offline,M,4/20/2011,185960614,5/28/2011,8733,21046.53
Finland,Office Supplies,Offline,H,11/29/2011,445273578,1/9/2012,5201,656626.25
Georgia,Baby Food,Online,L,1/26/2014,359197413,3/8/2014,3352,321322.72
Romania,Personal Care,Offline,L,5/14/2013,853036296,6/1/2013,1251,31350.06
Switzerland,Fruits,Offline,M,3/21/2012,567412793,3/27/2012,8910,21473.1
Ireland,Cosmetics,Offline,H,8/27/2016,139201343,9/6/2016,1625,282538.75
Ukraine,Cosmetics,Online,C,6/9/2014,183910119,6/11/2014,1946,338351.02
Luxembourg,Clothes,Online,H,11/7/2013,922363460,11/23/2013,6700,492048
Austria,Beverages,Offline,C,4/2/2012,192922341,5/1/2012,8863,138794.58
Monaco,Cereal,Online,L,6/3/2017,792178905,7/21/2017,2197,194632.23
Serbia,Beverages,Online,M,12/20/2011,424297845,1/8/2012,8016,125530.56
Ireland,Baby Food,Online,H,5/23/2017,243684327,5/30/2017,462,44287.32
San Marino,Clothes,Offline,M,5/7/2012,152505099,5/19/2012,8503,624460.32
Georgia,Baby Food,Online,L,6/24/2015,203036630,7/28/2015,1905,182613.3
Ukraine,Snacks,Offline,C,1/25/2016,611791121,3/3/2016,1443,79567.02
San Marino,Cereal,Offline,C,7/22/2012,554554927,8/6/2012,3981,352676.79
Bosnia and Herzegovina,Office Supplies,Offline,H,7/11/2012,434275662,8/13/2012,674,85092.5
Germany,Personal Care,Offline,H,7/27/2014,835093390,7/29/2014,1547,38767.82
Croatia,Beverages,Online,M,2/6/2017,976323497,2/10/2017,4674,73194.84
Lithuania,Beverages,Online,H,1/9/2014,732703387,1/28/2014,2069,32400.54
Slovenia,Household,Online,C,9/10/2014,873432672,9/17/2014,6992,1158784.16
Serbia,Clothes,Online,C,6/25/2011,523580348,8/4/2011,7915,581277.6
Greece,Personal Care,Online,M,4/16/2017,800045716,5/14/2017,161,4034.66
Malta,Vegetables,Online,M,5/10/2016,743769109,5/11/2016,6662,420572.06
San Marino,Snacks,Offline,L,1/9/2013,201294267,2/9/2013,6302,347492.28
Portugal,Meat,Online,L,2/11/2013,668280589,3/28/2013,7932,453710.4
Albania,Household,Online,C,7/14/2017,380379998,7/16/2017,1749,289861.77
Netherlands,Clothes,Online,H,1/16/2016,767490565,2/23/2016,6368,467665.92
Iceland,Snacks,Offline,L,10/30/2012,720931279,11/18/2012,8441,465436.74
United Kingdom,Snacks,Online,L,7/13/2013,138025033,8/3/2013,3529,194589.06
Andorra,Meat,Offline,H,8/16/2016,552931869,9/9/2016,3682,210610.4
Liechtenstein,Fruits,Online,L,2/8/2014,142375361,2/19/2014,888,2140.08
Belgium,Cosmetics,Offline,C,6/27/2014,916089236,7/28/2014,17,2955.79
Luxembourg,Fruits,Offline,L,12/6/2011,242265546,1/7/2012,614,1479.74
Malta,Cosmetics,Online,M,1/12/2015,265914475,2/21/2015,8857,1539966.59
Slovakia,Snacks,Online,L,7/26/2015,637040793,8/4/2015,3382,186483.48
Andorra,Personal Care,Offline,L,12/12/2014,754541289,12/19/2014,4390,110013.4
Serbia,Vegetables,Offline,L,3/16/2015,697638976,3/26/2015,5731,361798.03
Czech Republic,Baby Food,Online,C,3/10/2016,467312324,4/8/2016,6956,666802.16
Slovenia,Clothes,Online,L,5/26/2012,622441852,5/28/2012,3231,237284.64
Bulgaria,Meat,Online,C,7/27/2016,349212729,9/11/2016,8662,495466.4
Hungary,Cosmetics,Online,H,10/6/2010,332353007,11/22/2010,9495,1650895.65
Slovakia,Meat,Offline,H,8/8/2013,876856458,8/29/2013,166,9495.2
Bulgaria,Beverages,Offline,C,10/19/2013,313178002,12/6/2013,5185,81197.1
Kosovo,Personal Care,Online,L,2/17/2016,461445796,3/22/2016,920,23055.2
Spain,Cosmetics,Offline,C,1/3/2017,391026866,1/8/2017,2394,416244.78
Germany,Vegetables,Offline,C,8/7/2015,204418504,9/3/2015,833,52587.29
Romania,Meat,Offline,L,12/22/2012,524972951,1/17/2013,17,972.4
Latvia,Beverages,Online,C,11/27/2013,469197165,12/11/2013,4723,73962.18
Sweden,Household,Offline,H,6/23/2010,688650786,8/7/2010,5926,982115.98
Macedonia,Office Supplies,Online,M,6/17/2016,823236739,8/1/2016,2900,366125
Armenia,Fruits,Offline,L,3/17/2015,439725911,4/7/2015,3524,8492.84
Cyprus,Snacks,Online,H,10/1/2012,255047452,10/30/2012,3064,168948.96
Malta,Meat,Offline,C,6/26/2014,662623488,7/11/2014,3870,221364
San Marino,Vegetables,Offline,M,1/22/2016,560389268,2/22/2016,492,31059.96
France,Office Supplies,Offline,C,7/12/2011,867138278,8/4/2011,4341,548051.25
Montenegro,Household,Online,H,12/25/2014,525321424,12/31/2014,3138,520060.74
Cyprus,Clothes,Online,H,6/10/2014,497554337,7/28/2014,6240,458265.6
Vatican City,Personal Care,Offline,M,4/15/2016,626322257,5/5/2016,1529,38316.74
Netherlands,Baby Food,Offline,C,1/21/2011,611766231,2/26/2011,4077,390821.22
Montenegro,Baby Food,Offline,H,3/3/2013,630931794,4/1/2013,5593,536144.98
San Marino,Office Supplies,Offline,L,3/4/2017,239386355,4/20/2017,8597,1085371.25
Germany,Household,Offline,M,8/21/2016,874172532,10/2/2016,5933,983276.09
Iceland,Personal Care,Offline,C,9/19/2010,570703542,11/3/2010,2715,68037.9
Hungary,Cosmetics,Online,M,9/20/2012,132603538,11/6/2012,9188,1597517.56
Czech Republic,Meat,Offline,L,8/6/2011,552276551,9/24/2011,9759,558214.8
Macedonia,Snacks,Offline,M,3/22/2016,163587558,4/19/2016,8048,443766.72
Andorra,Baby Food,Offline,M,1/10/2012,415837943,2/23/2012,4543,435491.98
Hungary,Baby Food,Offline,H,5/17/2014,398645198,5/26/2014,6828,654532.08
Latvia,Personal Care,Offline,H,11/2/2013,913074433,12/17/2013,7870,197222.2
Andorra,Fruits,Offline,H,5/27/2014,889125955,6/15/2014,983,2369.03
Austria,Fruits,Offline,H,8/6/2011,263427960,9/20/2011,3042,7331.22
Liechtenstein,Meat,Online,H,7/12/2010,730490243,7/14/2010,7151,409037.2
Poland,Cereal,Online,L,11/1/2016,905036389,11/20/2016,9234,818040.06
Montenegro,Clothes,Online,C,3/4/2012,381759297,3/25/2012,9914,728084.16
Belarus,Cosmetics,Offline,M,9/2/2011,613166129,10/21/2011,8338,1449728.06
Ukraine,Office Supplies,Offline,M,5/3/2017,181260526,6/3/2017,7872,993840
Georgia,Snacks,Online,C,9/1/2013,264959609,10/18/2013,6291,346885.74
Malta,Fruits,Online,L,7/31/2010,475176560,9/4/2010,4159,10023.19
Armenia,Baby Food,Offline,H,1/23/2012,194922626,2/7/2012,791,75825.26
France,Snacks,Offline,M,7/3/2016,447684133,8/14/2016,8538,470785.32
Liechtenstein,Personal Care,Online,H,1/4/2012,527259910,1/11/2012,6779,169881.74
Hungary,Baby Food,Online,M,8/10/2014,879923617,9/15/2014,7807,748379.02
Portugal,Snacks,Offline,H,3/9/2014,279816472,4/14/2014,2767,152572.38
Cyprus,Snacks,Online,M,11/5/2012,593018233,12/11/2012,6128,337897.92
Macedonia,Baby Food,Online,H,9/16/2016,349060380,9/28/2016,3578,342987.08
Latvia,Household,Offline,C,12/18/2010,863890445,12/25/2010,3235,536136.55
Armenia,Personal Care,Online,C,1/16/2010,667420995,1/18/2010,3559,89188.54
Montenegro,Vegetables,Offline,H,4/10/2011,842687690,5/26/2011,8869,559899.97
San Marino,Beverages,Offline,L,1/2/2012,772893178,1/2/2012,5122,80210.52
Czech Republic,Snacks,Online,M,7/5/2011,789484250,7/30/2011,4789,264065.46
Vatican City,Personal Care,Offline,M,5/24/2012,336111962,6/16/2012,1854,46461.24
San Marino,Household,Offline,H,12/9/2015,821131742,12/9/2015,9985,1654814.05
Liechtenstein,Household,Online,M,4/27/2014,679108560,6/11/2014,2169,359468.37
Lithuania,Personal Care,Offline,L,4/19/2011,129875409,4/26/2011,1875,46987.5
Ireland,Fruits,Offline,H,3/12/2015,155914723,3/29/2015,7486,18041.26
Spain,Fruits,Online,H,10/9/2011,753166282,11/25/2011,7495,18062.95
Andorra,Cereal,Offline,M,3/20/2015,443347108,4/9/2015,5116,453226.44
Iceland,Office Supplies,Online,C,6/19/2013,527509677,7/10/2013,691,87238.75
Ireland,Beverages,Offline,H,9/20/2016,416953313,10/29/2016,4606,72129.96
Bosnia and Herzegovina,Cereal,Online,C,3/30/2011,639126908,5/10/2011,710,62898.9
Belarus,Beverages,Online,L,6/3/2014,879405200,7/20/2014,4396,68841.36
Slovenia,Beverages,Offline,H,3/17/2010,844105184,4/20/2010,8337,130557.42
Netherlands,Fruits,Offline,C,9/20/2013,127838218,10/29/2013,9024,21747.84
Belgium,Snacks,Online,M,11/22/2010,881717050,12/23/2010,8524,470013.36
Macedonia,Household,Offline,L,10/13/2015,905509746,10/20/2015,9311,1543112.03
Liechtenstein,Baby Food,Online,H,6/22/2012,720878922,8/1/2012,2948,282595.28
Italy,Personal Care,Offline,L,11/14/2012,306256616,11/18/2012,6993,175244.58
Spain,Cereal,Offline,M,1/4/2015,392252957,2/22/2015,5222,462616.98
Norway,Cosmetics,Offline,C,3/14/2014,746563756,4/12/2014,3661,636538.07
Bulgaria,Household,Online,C,3/21/2014,129902875,4/24/2014,2,331.46
San Marino,Beverages,Offline,M,5/10/2014,595395314,5/30/2014,9559,149693.94
Denmark,Fruits,Online,L,3/4/2011,272425591,3/21/2011,5641,13594.81
Germany,Baby Food,Offline,H,11/27/2013,596166074,1/13/2014,7644,732753.84
Netherlands,Beverages,Offline,C,10/18/2012,906345736,11/21/2012,6699,104906.34
Germany,Cosmetics,Offline,M,2/26/2012,385340154,3/18/2012,9569,1663762.03
Sweden,Cosmetics,Offline,H,6/3/2012,679039466,7/5/2012,1723,299578.01
San Marino,Baby Food,Offline,L,2/15/2011,587799727,3/27/2011,1856,177916.16
Georgia,Snacks,Offline,L,1/22/2017,341398274,3/7/2017,6191,341371.74
Greece,Fruits,Offline,H,6/14/2015,516994559,6/20/2015,9034,21771.94
Slovenia,Office Supplies,Online,H,4/9/2010,483981502,5/4/2010,9736,1229170
Slovakia,Cosmetics,Online,H,5/30/2015,549187934,7/17/2015,5769,1003056.03
Macedonia,Clothes,Online,M,4/22/2015,989403665,5/25/2015,5386,395547.84
Lithuania,Household,Online,H,1/25/2012,516635358,2/26/2012,2738,453768.74
Belarus,Clothes,Offline,M,6/8/2015,173122918,7/25/2015,9773,717729.12
Ireland,Beverages,Online,C,7/14/2014,357482516,7/28/2014,5875,92002.5
Slovenia,Fruits,Online,L,1/18/2010,756252324,2/9/2010,723,1742.43
Monaco,Clothes,Offline,H,11/16/2016,926763570,11/25/2016,8790,645537.6
Croatia,Household,Online,M,10/28/2013,107651269,11/11/2013,5258,871408.34
Andorra,Beverages,Online,H,8/19/2010,425547969,9/11/2010,7955,124575.3
Estonia,Clothes,Offline,L,1/24/2016,264928710,1/27/2016,7147,524875.68
Andorra,Beverages,Offline,L,1/13/2010,861180341,2/20/2010,1255,19653.3
Ireland,Beverages,Offline,M,6/10/2011,580569350,7/3/2011,2227,34874.82
Serbia,Vegetables,Offline,M,2/25/2013,559417665,2/28/2013,2973,187685.49
Liechtenstein,Household,Online,C,8/21/2015,184976994,9/21/2015,7658,1269160.34
Cyprus,Beverages,Online,M,12/8/2013,874349772,1/4/2014,8383,131277.78
Andorra,Household,Online,H,11/15/2016,713009965,12/16/2016,4348,720594.04
Andorra,Baby Food,Online,M,10/24/2016,569941365,11/26/2016,7170,687316.2
Malta,Household,Online,H,9/9/2010,845067346,9/13/2010,3062,507465.26
Czech Republic,Fruits,Offline,M,11/24/2014,774926936,11/27/2014,6956,16763.96
Hungary,Baby Food,Online,H,5/6/2011,217920958,6/25/2011,6509,623952.74
Lithuania,Clothes,Online,C,2/6/2013,523836123,3/22/2013,3605,264751.2
Ukraine,Vegetables,Online,C,11/6/2011,446019017,11/25/2011,5794,365775.22
Luxembourg,Clothes,Online,H,5/14/2011,475992381,5/26/2011,5578,409648.32
Serbia,Office Supplies,Offline,C,3/1/2017,410514724,4/10/2017,9284,1172105
Germany,Personal Care,Offline,C,3/14/2010,938209950,3/16/2010,6028,151061.68
Ukraine,Clothes,Offline,H,9/27/2016,747955071,10/25/2016,5382,395254.08
Andorra,Clothes,Offline,L,5/14/2017,923160398,6/15/2017,2531,185876.64
Monaco,Office Supplies,Online,H,10/20/2012,754227149,11/24/2012,1429,180411.25
Norway,Baby Food,Offline,L,2/24/2013,357943856,3/17/2013,2396,229680.56
Ireland,Cosmetics,Online,M,1/28/2011,815917098,2/13/2011,6856,1192052.72
Monaco,Clothes,Offline,L,1/2/2011,626011979,1/11/2011,9711,713175.84
Bosnia and Herzegovina,Baby Food,Online,M,4/1/2015,640295922,4/3/2015,6647,637181.42
Romania,Snacks,Online,C,1/11/2010,653920686,1/18/2010,8517,469627.38
Sweden,Fruits,Online,M,1/10/2017,994504153,1/13/2017,4734,11408.94
Czech Republic,Meat,Offline,M,5/9/2017,920011270,6/12/2017,634,36264.8
Bosnia and Herzegovina,Vegetables,Online,M,11/25/2013,523707807,12/16/2013,5633,355611.29
Belgium,Fruits,Online,L,10/17/2013,791692674,11/24/2013,8310,20027.1
Sweden,Vegetables,Online,C,1/7/2012,715863835,1/26/2012,8872,560089.36
Albania,Cosmetics,Offline,C,8/23/2010,694914710,9/25/2010,9560,1662197.2
Macedonia,Baby Food,Online,M,11/21/2015,525472486,11/23/2015,7840,751542.4
Georgia,Fruits,Online,L,10/28/2012,496826493,12/11/2012,855,2060.55
Liechtenstein,Cereal,Online,L,1/1/2010,940682303,2/9/2010,7652,677890.68
Norway,Fruits,Offline,C,10/6/2014,381774747,10/23/2014,4486,10811.26
Ireland,Vegetables,Online,H,12/2/2015,934718358,12/16/2015,2789,176069.57
Romania,Meat,Offline,C,3/23/2012,741690289,5/10/2012,1494,85456.8
Serbia,Clothes,Offline,L,1/12/2010,393842971,1/31/2010,5742,421692.48
Ireland,Household,Offline,H,5/21/2012,143414771,6/3/2012,8473,1404230.29
Portugal,Snacks,Offline,C,6/26/2010,272361218,7/3/2010,6592,363482.88
Lithuania,Vegetables,Online,M,5/1/2017,146349751,6/13/2017,6999,441846.87
Georgia,Meat,Offline,C,2/22/2017,104190576,3/12/2017,1162,66466.4
Poland,Cereal,Online,C,11/6/2013,332268464,12/14/2013,4477,396617.43
Spain,Meat,Online,M,11/15/2013,459277713,12/4/2013,9336,534019.2
Romania,Fruits,Offline,L,7/24/2010,665786778,8/15/2010,9958,23998.78
Latvia,Baby Food,Online,L,9/1/2010,917485272,10/3/2010,3136,300616.96
Ireland,Personal Care,Offline,L,4/28/2012,547225844,5/30/2012,5143,128883.58
Switzerland,Household,Offline,L,7/19/2015,869291770,8/21/2015,1607,266328.11
Romania,Clothes,Offline,L,1/12/2017,709276759,3/1/2017,9610,705758.4
Albania,Beverages,Online,C,10/9/2012,877062451,10/29/2012,1124,17601.84
Slovenia,Baby Food,Online,L,10/28/2016,111893022,12/2/2016,486,46587.96
Slovakia,Beverages,Online,M,10/29/2014,397874438,12/1/2014,8743,136915.38
Bulgaria,Clothes,Offline,C,3/2/2010,520777547,4/15/2010,8504,624533.76
Vatican City,Household,Online,C,6/27/2014,672856652,8/3/2014,2091,346541.43
Kosovo,Office Supplies,Online,L,5/15/2014,353383243,6/9/2014,2809,354636.25
Croatia,Office Supplies,Offline,L,11/21/2012,354667699,12/29/2012,2908,367135
Switzerland,Snacks,Online,L,3/20/2012,214292466,4/13/2012,2758,152076.12
Portugal,Household,Offline,H,2/18/2015,655287110,2/22/2015,2873,476142.29
Liechtenstein,Baby Food,Online,H,1/18/2015,295787847,2/16/2015,9052,867724.72
Kosovo,Baby Food,Offline,L,6/10/2012,263852393,6/29/2012,8641,828326.26
Denmark,Personal Care,Offline,C,6/18/2014,597839343,7/26/2014,2802,70218.12
Romania,Cosmetics,Offline,M,12/12/2011,299335229,12/24/2011,8801,1530229.87
Vatican City,Vegetables,Offline,L,1/10/2016,700069701,1/21/2016,5037,317985.81
Ukraine,Household,Online,H,7/28/2010,741866242,9/13/2010,3562,590330.26
Bulgaria,Snacks,Offline,L,3/1/2010,211344611,3/23/2010,422,23269.08
San Marino,Personal Care,Offline,H,9/29/2015,625751483,10/1/2015,2624,65757.44
Serbia,Fruits,Online,C,9/26/2015,665817677,10/10/2015,9102,21935.82
Germany,Cereal,Online,H,11/10/2014,734189975,11/29/2014,1984,175762.56
Belarus,Beverages,Online,L,10/3/2010,935789954,11/18/2010,9898,155002.68
Germany,Cereal,Online,M,1/23/2011,104008615,2/22/2011,7315,648035.85
Belarus,Beverages,Online,H,3/24/2017,122967326,4/25/2017,7619,119313.54
Montenegro,Cereal,Offline,M,6/6/2010,305616748,7/1/2010,7642,677004.78
Malta,Office Supplies,Offline,M,5/5/2011,243070638,5/22/2011,8858,1118322.5
Bulgaria,Clothes,Offline,L,5/4/2010,505867040,6/12/2010,6153,451876.32
France,Cosmetics,Online,C,3/20/2014,637188422,4/29/2014,7069,1229087.03
San Marino,Cereal,Online,H,10/22/2016,518421494,10/22/2016,1296,114812.64
United Kingdom,Fruits,Offline,M,3/27/2013,104245078,4/21/2013,7290,17568.9
Spain,Vegetables,Online,C,12/16/2010,386319911,1/2/2011,9501,599798.13
Cyprus,Baby Food,Online,M,3/17/2016,740300261,4/23/2016,153,14666.58
Macedonia,Office Supplies,Offline,C,7/17/2017,747826755,7/22/2017,7410,935512.5
Romania,Personal Care,Offline,M,12/21/2012,215540015,12/24/2012,1935,48491.1
Kosovo,Vegetables,Offline,C,7/23/2017,975080668,8/20/2017,6893,435155.09
Bosnia and Herzegovina,Baby Food,Online,L,10/9/2012,638041150,11/28/2012,9410,902042.6
Greece,Cosmetics,Online,C,5/22/2010,583089339,6/26/2010,7948,1381918.76
Norway,Snacks,Online,M,2/19/2016,118086564,3/13/2016,3293,181576.02
Malta,Baby Food,Offline,C,4/27/2015,296073234,6/4/2015,3504,335893.44
Poland,Snacks,Online,M,1/9/2013,968185460,2/3/2013,6448,355542.72
Kosovo,Baby Food,Offline,M,9/13/2012,364854514,10/3/2012,7413,710610.18
Luxembourg,Cosmetics,Online,C,9/6/2013,980961358,10/8/2013,7120,1237954.4
France,Fruits,Offline,C,4/9/2014,601886260,5/27/2014,374,901.34
Poland,Household,Online,L,4/27/2011,321628463,5/14/2011,5864,971840.72
Portugal,Meat,Online,L,1/30/2014,944609057,3/16/2014,9666,552895.2
Malta,Cosmetics,Offline,H,12/14/2012,310588920,1/6/2013,9018,1567959.66
Armenia,Meat,Offline,M,6/2/2015,251208674,7/19/2015,7084,405204.8
Greece,Fruits,Online,L,10/31/2015,488316380,11/18/2015,2523,6080.43
Vatican City,Clothes,Online,M,3/23/2012,263647687,3/30/2012,8064,592220.16
Switzerland,Personal Care,Offline,H,4/19/2014,653800523,4/23/2014,2958,74127.48
Sweden,Cosmetics,Online,L,8/24/2013,684239947,8/31/2013,661,114928.07
Vatican City,Personal Care,Online,H,1/27/2016,133276450,3/15/2016,8318,208449.08
Moldova ,Personal Care,Offline,L,2/17/2014,838895261,2/19/2014,6605,165521.3
Denmark,Meat,Online,C,11/26/2011,198537814,12/19/2011,606,34663.2
Slovenia,Meat,Online,M,10/10/2015,885397469,11/18/2015,7642,437122.4
Hungary,Personal Care,Offline,H,10/16/2014,302744853,11/2/2014,7785,195092.1
Greece,Office Supplies,Online,L,3/11/2014,975823962,4/8/2014,6850,864812.5
Denmark,Cosmetics,Offline,M,12/27/2013,860104024,12/30/2013,2749,477968.63
Montenegro,Cosmetics,Offline,M,11/16/2012,378714883,12/16/2012,9005,1565699.35
France,Personal Care,Offline,C,3/13/2017,131585586,4/13/2017,7954,199327.24
Greece,Personal Care,Online,L,9/11/2011,588528859,10/12/2011,7623,191032.38
Macedonia,Meat,Online,L,2/12/2017,796418511,3/23/2017,6791,388445.2
Kosovo,Cosmetics,Online,M,6/3/2011,526018369,6/21/2011,9379,1630726.73
Montenegro,Beverages,Offline,C,4/27/2017,122144210,5/24/2017,4041,63282.06
Belarus,Office Supplies,Offline,H,7/6/2016,644592607,7/31/2016,8131,1026538.75
Moldova ,Fruits,Online,H,11/3/2014,598404109,11/18/2014,9929,23928.89
Czech Republic,Personal Care,Online,C,4/22/2012,577530944,5/15/2012,3095,77560.7
Finland,Fruits,Offline,H,1/12/2016,182078921,2/14/2016,54,130.14
Serbia,Baby Food,Online,H,3/22/2014,302015721,4/17/2014,2018,193445.48
Latvia,Clothes,Offline,M,9/28/2014,233709084,10/16/2014,8566,629087.04
Estonia,Meat,Offline,M,8/25/2010,966800153,9/10/2010,6505,372086
Bulgaria,Clothes,Online,H,4/24/2014,380498874,5/13/2014,6927,508718.88
Luxembourg,Personal Care,Offline,M,12/7/2011,595385873,12/21/2011,6765,169530.9
Luxembourg,Cereal,Online,L,6/30/2012,361659038,8/3/2012,1801,159550.59
Kosovo,Baby Food,Online,L,12/14/2016,328721082,12/18/2016,4728,453226.08
Denmark,Clothes,Offline,H,10/27/2014,184120833,10/31/2014,4301,315865.44
Liechtenstein,Vegetables,Offline,H,8/14/2016,933720576,10/1/2016,7523,474926.99
Latvia,Cosmetics,Online,H,3/14/2014,765101468,4/6/2014,9382,1631248.34
Armenia,Household,Offline,M,9/3/2012,516460692,9/24/2012,1051,174182.23
Ukraine,Meat,Offline,H,4/25/2017,783594977,5/1/2017,2022,115658.4
Romania,Snacks,Online,L,4/3/2016,406270396,5/19/2016,3293,181576.02
Kosovo,Vegetables,Online,L,1/13/2010,805095136,1/20/2010,4396,277519.48
United Kingdom,Cereal,Online,M,10/1/2011,985417258,10/21/2011,5720,506734.8
Serbia,Cereal,Offline,M,6/15/2013,443125665,7/9/2013,9586,849223.74
Belgium,Beverages,Online,L,6/23/2014,931477820,7/19/2014,3841,60150.06
United Kingdom,Personal Care,Offline,H,12/23/2013,387098824,1/4/2014,9999,250574.94
Denmark,Meat,Offline,M,8/12/2012,595922315,9/4/2012,5510,315172
Slovakia,Office Supplies,Online,M,3/23/2016,653909957,4/6/2016,5342,674427.5
Serbia,Beverages,Offline,H,8/11/2012,103435266,9/18/2012,7648,119767.68
Sweden,Meat,Offline,L,12/12/2016,863202941,12/13/2016,9787,559816.4
Cyprus,Clothes,Offline,M,3/8/2014,396552217,4/24/2014,7468,548449.92
United Kingdom,Cosmetics,Offline,M,5/6/2015,801352488,5/23/2015,6864,1193443.68
Luxembourg,Fruits,Online,H,10/7/2011,479234206,11/14/2011,4906,11823.46
Romania,Meat,Offline,M,2/19/2010,627003753,3/26/2010,3199,182982.8
France,Fruits,Offline,C,3/12/2017,393709933,4/25/2017,6373,15358.93
Latvia,Beverages,Offline,L,2/20/2016,136624276,3/8/2016,9014,141159.24
United Kingdom,Clothes,Online,L,9/3/2010,251823222,10/1/2010,8942,656700.48
Macedonia,Baby Food,Offline,H,4/1/2014,200354850,5/4/2014,8307,796309.02
Germany,Meat,Offline,H,5/2/2017,692757356,5/12/2017,1151,65837.2
Liechtenstein,Baby Food,Offline,L,10/12/2012,651895511,11/1/2012,9223,884116.78
Lithuania,Clothes,Offline,C,6/26/2016,156158483,8/5/2016,9620,706492.8
Serbia,Snacks,Offline,C,11/18/2013,703966844,11/30/2013,8288,457000.32
Slovenia,Household,Offline,L,2/11/2017,736240041,2/20/2017,8644,1432570.12
Montenegro,Cosmetics,Online,C,5/22/2015,357434880,6/29/2015,1779,309314.73
Spain,Vegetables,Online,M,11/12/2011,103762280,12/14/2011,4419,278971.47
Slovenia,Baby Food,Offline,M,3/12/2013,144743001,4/21/2013,1525,146186.5
Iceland,Beverages,Online,L,2/11/2017,439204919,2/19/2017,9350,146421
Malta,Fruits,Offline,C,2/3/2010,114954173,2/11/2010,6349,15301.09
Norway,Beverages,Offline,L,12/22/2012,238170993,2/7/2013,8944,140063.04
Italy,Clothes,Online,M,4/2/2012,134790503,4/26/2012,6360,467078.4
Montenegro,Vegetables,Online,H,3/30/2013,409112679,5/18/2013,4388,277014.44
Italy,Meat,Offline,H,7/19/2013,727175891,9/7/2013,6360,363792
Sweden,Cosmetics,Online,L,10/26/2012,638593900,12/12/2012,2981,518306.47
Albania,Beverages,Offline,H,4/28/2013,833473765,5/25/2013,2264,35454.24
Denmark,Cosmetics,Offline,M,7/8/2014,606224572,7/15/2014,4177,726254.99
Cyprus,Clothes,Online,H,1/6/2012,325314033,1/30/2012,6506,477800.64
Kosovo,Meat,Offline,M,11/19/2012,159805858,12/17/2012,8959,512454.8
Switzerland,Snacks,Online,H,4/6/2012,722248780,4/8/2012,8319,458709.66
Spain,Vegetables,Online,H,6/1/2015,399115979,6/24/2015,6142,387744.46
Kosovo,Household,Offline,M,11/25/2015,792792594,1/2/2016,3801,629939.73
Portugal,Cosmetics,Offline,C,5/24/2013,626453149,6/10/2013,263,45727.81
Armenia,Snacks,Offline,L,7/31/2013,737095344,9/13/2013,1747,96329.58
San Marino,Fruits,Offline,L,9/18/2016,708320605,10/5/2016,6662,16055.42
Lithuania,Office Supplies,Offline,M,3/5/2013,433079183,4/19/2013,6609,834386.25
Georgia,Personal Care,Offline,L,5/22/2012,604494225,6/25/2012,2129,53352.74
Macedonia,Fruits,Online,M,12/30/2010,707718932,1/6/2011,8614,20759.74
Sweden,Household,Offline,C,6/24/2011,656689155,8/9/2011,7769,1287556.37
Macedonia,Beverages,Offline,M,2/25/2016,935907542,3/21/2016,4695,73523.7
Ireland,Household,Offline,C,3/14/2015,421660268,4/11/2015,7498,1242643.54
San Marino,Cosmetics,Offline,C,8/22/2014,447183310,9/19/2014,334,58072.58
Estonia,Vegetables,Offline,L,12/7/2011,127694451,12/27/2011,6481,409145.53
Vatican City,Meat,Offline,M,6/13/2012,697617518,7/7/2012,9381,536593.2
United Kingdom,Personal Care,Offline,L,1/22/2015,311688840,2/14/2015,4509,112995.54
Cyprus,Cosmetics,Offline,M,11/6/2015,385080945,11/7/2015,2864,497963.68
Spain,Household,Offline,M,4/23/2012,309148681,5/5/2012,2819,467192.87
Serbia,Baby Food,Offline,L,2/21/2014,630219399,3/14/2014,4780,458210.8
Denmark,Snacks,Online,H,4/13/2012,585677134,5/4/2012,3734,205892.76
Italy,Household,Online,C,12/23/2016,692704999,1/24/2017,5657,937534.61
Iceland,Cosmetics,Online,M,2/9/2011,942454278,3/29/2011,2019,351043.53
Kosovo,Office Supplies,Offline,H,5/19/2015,150293242,6/21/2015,3965,500581.25
Germany,Office Supplies,Offline,H,12/19/2013,236042392,1/26/2014,9044,1141805
Italy,Baby Food,Offline,L,6/15/2012,314782178,7/12/2012,9896,948630.56
Belgium,Cosmetics,Offline,M,7/27/2016,193472945,9/13/2016,1799,312792.13
Monaco,Cosmetics,Offline,H,9/27/2010,434013879,11/5/2010,3206,557427.22
Greece,Cereal,Online,L,8/26/2015,431240689,10/13/2015,2558,226613.22
Switzerland,Meat,Offline,L,4/26/2012,643259227,4/26/2012,3555,203346
Czech Republic,Cosmetics,Online,H,6/6/2017,151312482,7/12/2017,5581,970368.47
Austria,Fruits,Online,M,7/31/2012,750047194,9/18/2012,4487,10813.67
Switzerland,Fruits,Offline,L,11/29/2015,721318805,12/9/2015,3118,7514.38
Vatican City,Beverages,Offline,H,2/13/2012,599997556,2/14/2012,1465,22941.9
Estonia,Beverages,Online,M,11/28/2016,826677262,1/9/2017,1027,16082.82
Poland,Beverages,Offline,H,7/5/2011,735445678,7/22/2011,3574,55968.84
San Marino,Vegetables,Offline,L,10/14/2012,354270303,11/27/2012,5310,335220.3
Spain,Cereal,Offline,H,12/4/2010,806662404,12/7/2010,8186,725197.74
Netherlands,Personal Care,Offline,C,11/13/2013,933699119,11/24/2013,1173,29395.38
Switzerland,Baby Food,Offline,C,6/27/2015,726223170,7/31/2015,4429,424563.94
Czech Republic,Meat,Online,M,1/9/2015,692555224,2/1/2015,1336,76419.2
Estonia,Vegetables,Online,L,2/28/2011,134121024,4/8/2011,8246,520569.98
Estonia,Clothes,Offline,C,12/18/2016,660312926,1/5/2017,123,9033.12
Ukraine,Cosmetics,Online,C,7/8/2014,140461766,7/20/2014,4613,802062.31
Ukraine,Cereal,Offline,C,2/13/2011,741964948,2/26/2011,2771,245482.89
San Marino,Snacks,Offline,C,7/22/2017,476453721,8/10/2017,2099,115738.86
Belgium,Fruits,Online,M,4/28/2011,111496055,6/4/2011,3015,7266.15
Slovakia,Vegetables,Online,L,12/25/2015,628515231,2/1/2016,479,30239.27
Slovakia,Office Supplies,Offline,M,3/2/2010,601894414,3/19/2010,2787,351858.75
Bosnia and Herzegovina,Snacks,Offline,L,7/14/2011,954040992,8/27/2011,785,43284.9
Czech Republic,Office Supplies,Online,M,5/9/2014,865824210,5/14/2014,5479,691723.75
Belgium,Clothes,Offline,M,9/20/2016,761887109,10/14/2016,8181,600812.64
Romania,Office Supplies,Online,L,9/27/2015,160578763,10/30/2015,7679,969473.75
Serbia,Vegetables,Offline,M,3/8/2011,992992675,3/9/2011,7454,470571.02
Slovakia,Clothes,Online,M,5/9/2015,231369769,5/16/2015,6311,463479.84
Lithuania,Cosmetics,Online,M,3/28/2016,852392995,4/19/2016,884,153701.08
Macedonia,Snacks,Offline,M,9/6/2012,597105491,10/20/2012,5639,310934.46
Andorra,Fruits,Offline,L,3/4/2016,716054379,3/26/2016,5258,12671.78
Austria,Office Supplies,Offline,C,3/21/2015,511712110,5/7/2015,5839,737173.75
Finland,Baby Food,Offline,C,9/7/2014,481308305,10/16/2014,8678,831873.08
Andorra,Household,Online,C,5/22/2014,266638886,6/19/2014,3227,534810.71
Moldova ,Meat,Online,H,9/17/2012,638314521,10/15/2012,306,17503.2
Switzerland,Cosmetics,Online,M,4/15/2015,811977040,5/28/2015,905,157352.35
Netherlands,Meat,Online,M,10/9/2010,344160735,11/20/2010,3664,209580.8
Greece,Meat,Online,H,11/12/2013,969199979,12/7/2013,6666,381295.2
Spain,Baby Food,Offline,L,5/22/2011,956594026,6/17/2011,6285,602480.1
Ukraine,Beverages,Online,H,3/24/2015,712595832,3/28/2015,1797,28141.02
Italy,Baby Food,Offline,C,6/26/2010,748357188,7/20/2010,4377,419579.22
Estonia,Fruits,Offline,L,2/25/2013,898211562,3/12/2013,9616,23174.56
Ireland,Office Supplies,Offline,C,6/15/2014,729373586,7/5/2014,6707,846758.75
Norway,Fruits,Offline,M,12/20/2011,991761863,12/24/2011,3229,7781.89
Latvia,Personal Care,Offline,C,10/29/2011,160751283,11/13/2011,8732,218823.92
Macedonia,Household,Online,H,2/22/2017,241392648,3/16/2017,2304,381841.92
Malta,Meat,Online,H,3/24/2015,901789844,5/5/2015,8509,486714.8
Portugal,Office Supplies,Online,M,11/21/2016,410229337,12/22/2016,4832,610040
Switzerland,Beverages,Online,L,4/4/2017,837906920,5/16/2017,4133,64722.78
Slovakia,Household,Online,C,1/30/2016,704361665,3/1/2016,5124,849200.52
Austria,Snacks,Offline,M,7/11/2013,400267398,7/20/2013,6873,378977.22
France,Meat,Online,C,5/19/2014,531281936,6/3/2014,6986,399599.2
Greece,Cosmetics,Online,C,6/20/2017,900808799,6/28/2017,8196,1425038.52
Czech Republic,Meat,Online,H,1/22/2015,756395232,3/13/2015,3013,172343.6
Ireland,Clothes,Online,C,10/2/2012,261187350,10/3/2012,9996,734106.24
Slovenia,Clothes,Offline,L,5/16/2014,188866841,5/20/2014,8750,642600
Cyprus,Household,Online,C,6/18/2012,709071195,8/2/2012,8778,1454777.94
Belarus,Cereal,Online,L,12/15/2012,674060428,12/17/2012,8315,736625.85
San Marino,Cosmetics,Offline,C,10/27/2016,284595954,10/29/2016,7122,1238302.14
Iceland,Baby Food,Offline,C,5/6/2016,580314862,5/12/2016,6918,663159.48
Luxembourg,Snacks,Online,L,2/21/2013,437604176,4/7/2013,5655,311816.7
Italy,Beverages,Offline,H,12/5/2014,994978797,1/2/2015,5192,81306.72
Greece,Beverages,Offline,H,4/30/2017,317006051,6/5/2017,7990,125123.4
Montenegro,Personal Care,Online,H,4/19/2012,933642041,5/19/2012,4282,107306.92
Italy,Office Supplies,Offline,M,6/9/2016,764592492,7/19/2016,8764,1106455
Hungary,Clothes,Offline,C,6/25/2013,931559789,7/5/2013,8098,594717.12
Germany,Beverages,Offline,L,11/26/2015,682314765,12/20/2015,956,14970.96
Spain,Snacks,Online,C,11/11/2016,485165965,12/14/2016,245,13509.3
Netherlands,Beverages,Online,C,3/4/2010,601422345,3/20/2010,3092,48420.72
Albania,Household,Offline,M,3/31/2012,999879729,5/6/2012,5486,909194.78
Latvia,Cosmetics,Offline,H,3/5/2012,246603858,4/15/2012,4417,767983.79
Slovakia,Beverages,Online,L,10/23/2013,291531503,10/26/2013,9505,148848.3
Kosovo,Cereal,Offline,H,7/18/2017,483655774,8/5/2017,3346,296422.14
Armenia,Personal Care,Online,C,12/10/2010,840747058,12/26/2010,4593,115100.58
Bosnia and Herzegovina,Cosmetics,Offline,H,2/12/2012,205354487,2/20/2012,7811,1358098.57
Finland,Cereal,Online,H,7/16/2011,280192410,8/28/2011,4016,355777.44
Germany,Vegetables,Offline,C,3/14/2011,465753209,3/14/2011,5579,352202.27
Sweden,Personal Care,Online,C,4/26/2011,587846076,5/24/2011,5572,139634.32
Armenia,Cereal,Offline,H,9/10/2011,580342328,10/14/2011,5046,447025.14
Switzerland,Meat,Online,C,4/21/2012,877084767,6/9/2012,7728,442041.6
Norway,Clothes,Online,C,4/29/2012,709105527,5/1/2012,8938,656406.72
San Marino,Meat,Online,H,5/23/2016,614321839,7/5/2016,339,19390.8
Ukraine,Cosmetics,Online,L,1/18/2011,329529607,1/23/2011,3988,693393.56
Ireland,Fruits,Online,L,5/30/2010,223869454,6/27/2010,6801,16390.41
Czech Republic,Office Supplies,Offline,H,5/11/2012,189108455,6/30/2012,249,31436.25
Sweden,Fruits,Offline,L,1/14/2015,452471768,2/10/2015,5306,12787.46
Germany,Cereal,Offline,M,4/30/2016,174218118,6/13/2016,3867,342577.53
Germany,Meat,Online,H,5/28/2017,820437371,6/11/2017,4505,257686
Slovenia,Personal Care,Offline,L,2/6/2012,410291135,2/22/2012,3119,78162.14
Andorra,Baby Food,Offline,C,6/24/2017,174614226,8/13/2017,1085,104008.1
Vatican City,Snacks,Offline,L,6/2/2011,118859469,7/1/2011,2013,110996.82
Belarus,Cosmetics,Offline,H,7/30/2015,669550883,9/16/2015,3840,667660.8
United Kingdom,Personal Care,Online,M,6/17/2012,439114367,6/26/2012,2554,64003.24
Moldova ,Household,Online,M,1/31/2011,582563626,2/19/2011,2378,394105.94
Latvia,Snacks,Online,M,2/8/2013,943274819,3/8/2013,4836,266657.04
Hungary,Office Supplies,Online,H,12/5/2010,313821303,1/17/2011,5552,700940
Slovakia,Beverages,Online,M,9/2/2015,431753098,10/19/2015,4191,65631.06
Bosnia and Herzegovina,Household,Online,C,12/28/2011,969289243,2/2/2012,3082,510779.86
Norway,Snacks,Offline,M,7/17/2011,861982858,9/4/2011,8738,481813.32
Italy,Meat,Online,M,2/21/2016,290317428,4/2/2016,233,13327.6
Slovenia,Clothes,Offline,C,6/2/2016,105030000,6/13/2016,9566,702527.04
Belgium,Beverages,Online,H,8/31/2015,960213077,10/16/2015,7242,113409.72
Hungary,Cosmetics,Offline,L,5/27/2014,743619334,7/9/2014,2341,407029.67
Ireland,Office Supplies,Offline,H,12/15/2016,263977277,1/10/2017,5597,706621.25
Montenegro,Office Supplies,Offline,H,4/23/2011,819152915,4/24/2011,4406,556257.5
France,Personal Care,Offline,C,8/13/2015,980598723,9/24/2015,9808,245788.48
Andorra,Clothes,Offline,L,5/18/2011,974147260,6/8/2011,677,49718.88
Finland,Office Supplies,Online,H,12/21/2011,719404351,1/10/2012,6589,831861.25
Georgia,Personal Care,Offline,L,7/24/2015,643770778,7/31/2015,4934,123646.04
Armenia,Meat,Offline,C,10/1/2016,645309722,11/6/2016,342,19562.4
Malta,Cereal,Offline,M,7/20/2013,469144809,8/24/2013,9229,817597.11
Norway,Cosmetics,Online,L,7/20/2011,821916663,8/26/2011,2260,392946.2
Austria,Household,Offline,M,8/27/2010,835265910,10/1/2010,2599,430732.27
Greece,Household,Online,L,9/26/2013,195259082,10/11/2013,356,58999.88
Cyprus,Clothes,Online,C,5/17/2012,593158566,6/25/2012,7656,562256.64
Serbia,Vegetables,Offline,C,3/22/2014,717833220,4/3/2014,1657,104606.41
Belgium,Vegetables,Online,H,5/26/2013,682066285,7/13/2013,7426,468803.38
Greece,Cereal,Online,H,1/24/2013,412215459,1/31/2013,2569,227587.71
Bosnia and Herzegovina,Office Supplies,Offline,C,5/2/2010,152746713,5/8/2010,2,252.5
Italy,Cereal,Online,M,1/6/2013,715309798,2/10/2013,4920,435862.8
Belarus,Fruits,Online,L,8/1/2010,466517961,9/7/2010,1886,4545.26
Latvia,Meat,Offline,C,7/24/2011,825065791,8/28/2011,4157,237780.4
Iceland,Office Supplies,Online,L,2/18/2015,384976232,4/3/2015,1877,236971.25
Hungary,Office Supplies,Offline,C,9/18/2015,467924726,10/20/2015,8179,1032598.75
Greece,Cereal,Offline,L,10/23/2011,280477797,10/24/2011,8468,750180.12
Bulgaria,Fruits,Online,L,3/12/2016,774698626,4/7/2016,9394,22639.54
Slovenia,Cereal,Online,M,2/21/2012,652501904,3/25/2012,8668,767898.12
Bulgaria,Household,Online,M,5/31/2017,688903129,7/2/2017,600,99438
Finland,Personal Care,Online,M,7/25/2014,195171105,9/4/2014,4322,108309.32
Vatican City,Household,Offline,C,2/13/2011,128766906,3/28/2011,3844,637066.12
San Marino,Vegetables,Offline,L,6/27/2016,361725556,7/18/2016,1485,93748.05
Armenia,Personal Care,Online,C,12/6/2016,789760196,1/2/2017,6447,161561.82
Slovakia,Cosmetics,Online,C,11/1/2013,327072703,11/16/2013,6936,1205962.32
Switzerland,Vegetables,Online,H,9/18/2013,130356919,10/1/2013,4364,275499.32
Portugal,Cereal,Offline,H,2/5/2013,636360585,3/8/2013,2093,185418.87
Belarus,Beverages,Online,M,7/24/2012,123938930,8/2/2012,5138,80461.08
Kosovo,Office Supplies,Offline,C,7/26/2014,770821654,8/19/2014,2112,266640
United Kingdom,Cosmetics,Online,M,12/14/2012,692952191,1/4/2013,8807,1531273.09
Ukraine,Beverages,Offline,L,9/7/2013,947507131,10/20/2013,7271,113863.86
Ireland,Personal Care,Offline,L,1/21/2016,396462953,2/26/2016,1053,26388.18
Luxembourg,Cosmetics,Online,M,1/26/2017,835341870,2/24/2017,5077,882737.99
Norway,Household,Offline,C,4/29/2013,149274003,5/29/2013,2350,389465.5
Estonia,Cosmetics,Offline,C,1/4/2017,311956632,1/10/2017,3755,652881.85
Ukraine,Baby Food,Offline,L,5/5/2014,920688903,6/12/2014,1161,111293.46
San Marino,Personal Care,Online,L,9/25/2010,434485948,11/3/2010,2902,72724.12
Estonia,Baby Food,Offline,H,5/22/2014,316466176,6/2/2014,8229,788831.94
Kosovo,Household,Online,M,7/18/2014,101025998,8/11/2014,4693,777770.89
Luxembourg,Personal Care,Offline,H,9/25/2015,547625386,9/29/2015,3376,84602.56
Montenegro,Fruits,Online,H,1/31/2016,394456660,2/9/2016,7346,17703.86
Kosovo,Baby Food,Online,M,1/1/2014,104548490,1/5/2014,7076,678305.36
Greece,Cereal,Online,M,1/10/2010,687374913,2/26/2010,8367,741232.53
Greece,Vegetables,Online,M,10/4/2012,921693980,11/4/2012,8586,542034.18
Montenegro,Household,Online,L,8/29/2012,829356467,9/16/2012,3864,640380.72
Czech Republic,Cereal,Offline,C,5/20/2015,322524106,5/20/2015,905,80173.95
Portugal,Cereal,Offline,M,9/14/2014,897638213,10/8/2014,9950,881470.5
Italy,Baby Food,Offline,L,3/23/2017,480652987,4/5/2017,4755,455814.3
France,Office Supplies,Online,C,6/20/2010,340213811,7/26/2010,5682,717352.5
Iceland,Baby Food,Online,H,3/20/2013,826936471,3/30/2013,7733,741285.38
Norway,Cosmetics,Online,H,5/14/2015,477633464,6/7/2015,1211,210556.57
Latvia,Meat,Online,L,11/25/2014,849431836,11/28/2014,4611,263749.2
United Kingdom,Baby Food,Online,H,7/8/2012,844307315,7/29/2012,8152,781450.72
Finland,Snacks,Online,H,6/20/2017,414579665,7/10/2017,2191,120811.74
Switzerland,Cereal,Offline,M,10/18/2015,569864976,11/30/2015,4565,404413.35
United Kingdom,Clothes,Online,L,2/26/2017,783116900,3/14/2017,548,40245.12
Andorra,Cosmetics,Online,L,2/26/2016,727821767,3/16/2016,7489,1302112.43
Georgia,Meat,Offline,C,3/15/2012,631172120,4/20/2012,6711,383869.2
San Marino,Office Supplies,Offline,M,5/11/2016,859914767,6/18/2016,6744,851430
Andorra,Snacks,Online,L,2/4/2011,575479590,3/22/2011,6054,333817.56
Spain,Snacks,Offline,M,2/19/2017,352342545,3/27/2017,4844,267098.16
Slovenia,Cereal,Online,H,7/22/2012,972419059,8/17/2012,9264,820697.76
Spain,Meat,Offline,M,5/20/2014,217165648,6/8/2014,2996,171371.2
Denmark,Baby Food,Online,L,9/6/2016,764837539,9/6/2016,1279,122604.94
Latvia,Fruits,Offline,H,3/19/2017,870218312,3/27/2017,5792,13958.72
Spain,Office Supplies,Online,L,7/2/2017,513802516,8/7/2017,4437,560171.25
Slovakia,Beverages,Online,M,5/31/2017,638957822,6/24/2017,673,10539.18
Bulgaria,Baby Food,Online,H,12/19/2014,944247710,1/31/2015,2736,262272.96
Netherlands,Baby Food,Offline,H,3/16/2013,694771802,3/21/2013,7270,696902.2
Bosnia and Herzegovina,Snacks,Offline,C,3/31/2012,388728320,5/10/2012,2203,121473.42
Vatican City,Vegetables,Offline,L,3/18/2014,452559745,3/19/2014,1340,84594.2
Portugal,Baby Food,Offline,M,3/27/2016,921230065,5/16/2016,1303,124905.58
Malta,Fruits,Online,M,5/9/2016,831143891,6/1/2016,2802,6752.82
Estonia,Cereal,Online,M,10/7/2015,318523538,11/5/2015,7048,624382.32
Armenia,Meat,Offline,H,10/26/2010,970427358,10/31/2010,9875,564850
Estonia,Cereal,Offline,H,7/18/2013,195212733,8/14/2013,6641,588326.19
Poland,Household,Online,C,3/13/2011,141875827,4/16/2011,3065,507962.45
Vatican City,Beverages,Offline,L,11/4/2011,510762822,12/22/2011,4924,77109.84
Germany,Clothes,Online,C,3/21/2015,276784074,4/15/2015,5413,397530.72
Spain,Clothes,Online,H,8/14/2010,744583642,9/26/2010,7701,565561.44
Moldova ,Beverages,Online,H,6/26/2015,761724030,8/13/2015,9923,155394.18
Slovakia,Office Supplies,Online,C,5/5/2012,217248904,6/15/2012,7633,963666.25
Montenegro,Clothes,Online,L,4/29/2016,685596930,6/16/2016,2222,163183.68
Greece,Clothes,Online,H,1/31/2015,355534589,2/6/2015,9440,693273.6
Belgium,Office Supplies,Offline,L,12/1/2012,456527268,12/2/2012,5419,684148.75
Montenegro,Baby Food,Offline,C,2/15/2016,461917865,3/21/2016,616,59049.76
Montenegro,Personal Care,Offline,C,6/29/2013,284435451,6/29/2013,9625,241202.5
Finland,Meat,Online,H,6/21/2014,844575107,6/26/2014,7397,423108.4
Monaco,Household,Online,L,6/9/2014,175723588,6/14/2014,9370,1552890.1
Netherlands,Household,Online,C,11/4/2016,690220630,11/19/2016,477,79053.21
Macedonia,Beverages,Offline,M,7/17/2017,704139363,8/31/2017,9340,146264.4
Italy,Fruits,Online,H,2/2/2014,636278617,3/22/2014,7837,18887.17
Belarus,Snacks,Online,L,9/9/2012,525749719,10/22/2012,9880,544783.2
Romania,Fruits,Online,H,10/27/2016,481976497,12/3/2016,6411,15450.51
San Marino,Meat,Online,H,10/22/2010,168979442,12/10/2010,3627,207464.4
Albania,Household,Online,L,12/20/2010,570476520,12/24/2010,5534,917149.82
Finland,Cereal,Online,H,7/13/2013,144282948,8/1/2013,5386,477145.74
Hungary,Fruits,Offline,C,4/17/2016,353492677,5/23/2016,5193,12515.13
Slovenia,Cosmetics,Offline,M,1/28/2014,155086886,2/5/2014,2511,436587.57
Andorra,Beverages,Offline,L,10/9/2013,932475602,11/21/2013,9107,142615.62
Croatia,Baby Food,Offline,C,6/27/2013,775347936,7/8/2013,1539,147528.54
Bulgaria,Baby Food,Offline,C,9/18/2010,980381143,9/26/2010,5421,519657.06
Belarus,Cosmetics,Offline,M,1/6/2010,521874034,2/3/2010,2979,517958.73
Iceland,Cosmetics,Online,M,4/16/2017,186847674,4/23/2017,1234,214555.58
Vatican City,Fruits,Offline,H,1/24/2015,117929494,3/2/2015,6813,16419.33
Netherlands,Beverages,Offline,M,7/11/2017,786318385,8/23/2017,7939,124324.74
Austria,Household,Online,C,9/20/2015,178604066,10/18/2015,1767,292844.91
Bulgaria,Vegetables,Offline,C,6/11/2014,651247489,7/2/2014,7459,470886.67
Cyprus,Household,Online,L,3/20/2013,492353856,4/11/2013,7302,1210160.46
Ireland,Personal Care,Offline,M,2/16/2013,382581126,3/27/2013,3112,77986.72
Andorra,Household,Online,C,9/29/2010,533314406,10/29/2010,8439,1398595.47
Portugal,Beverages,Offline,L,1/10/2016,122372519,1/13/2016,1603,25102.98
France,Clothes,Offline,M,1/16/2014,298978602,1/28/2014,3267,239928.48
Belarus,Clothes,Offline,C,12/27/2016,691760861,1/28/2017,6266,460175.04
Serbia,Meat,Offline,H,4/14/2010,447536504,4/25/2010,4852,277534.4
Poland,Vegetables,Offline,H,1/13/2011,469840466,1/22/2011,5090,321331.7
Armenia,Snacks,Offline,M,3/2/2011,418404281,4/15/2011,3979,219402.06
Austria,Snacks,Online,M,1/18/2012,516122949,2/21/2012,1105,60929.7
Albania,Cosmetics,Offline,L,8/29/2015,208238399,10/15/2015,1224,212816.88
Georgia,Fruits,Online,M,12/2/2016,526533353,1/12/2017,1775,4277.75
Iceland,Meat,Online,H,5/11/2011,643027484,5/18/2011,4977,284684.4
Hungary,Beverages,Online,L,4/21/2013,327604424,5/13/2013,4284,67087.44
Ukraine,Meat,Offline,M,6/18/2014,219451320,7/2/2014,9377,536364.4
France,Personal Care,Online,H,3/15/2011,575758969,3/29/2011,8729,218748.74
Malta,Office Supplies,Offline,H,12/4/2014,602264344,1/7/2015,2258,285072.5
Belgium,Cereal,Offline,H,11/22/2014,791890084,12/15/2014,6728,596033.52
Liechtenstein,Fruits,Offline,C,6/29/2012,249606645,8/14/2012,3008,7249.28
Belgium,Household,Offline,C,4/8/2015,497466361,5/1/2015,206,34140.38
Belarus,Clothes,Offline,L,12/23/2014,839437711,12/24/2014,7128,523480.32
Luxembourg,Office Supplies,Online,H,10/31/2014,549048888,12/2/2014,4622,583527.5
Finland,Snacks,Online,H,12/3/2015,427432811,12/11/2015,5722,315511.08
Andorra,Office Supplies,Online,H,3/31/2014,582836139,4/5/2014,3020,381275
Netherlands,Clothes,Offline,H,4/8/2012,719730079,5/6/2012,2979,218777.76
Bulgaria,Household,Online,H,4/21/2012,837608659,5/2/2012,5871,973000.83
Norway,Meat,Online,L,2/26/2017,930670154,3/15/2017,4835,276562
Portugal,Clothes,Offline,H,2/15/2012,684853637,4/3/2012,2265,166341.6
Montenegro,Cereal,Offline,H,6/20/2013,930457293,7/26/2013,1845,163448.55
Estonia,Office Supplies,Offline,H,3/7/2013,343185698,4/25/2013,5129,647536.25
France,Cosmetics,Online,M,7/26/2016,174935233,7/29/2016,6078,1056781.86
Romania,Fruits,Offline,M,10/9/2011,904812800,11/24/2011,3069,7396.29
Romania,Personal Care,Online,L,6/13/2011,438683927,7/29/2011,5177,129735.62
Iceland,Fruits,Offline,H,8/13/2011,303534495,8/18/2011,1457,3511.37
Liechtenstein,Baby Food,Online,M,11/26/2013,775008904,1/2/2014,1212,116182.32
Greece,Fruits,Online,M,8/16/2014,471348512,10/1/2014,1354,3263.14
Malta,Baby Food,Offline,C,12/23/2012,302442729,1/17/2013,8379,803210.94
Macedonia,Vegetables,Online,C,4/12/2012,987050187,4/25/2012,8940,564382.2
Bulgaria,Office Supplies,Online,H,11/2/2015,641537463,12/14/2015,4047,510933.75
Czech Republic,Household,Offline,L,5/15/2015,512662255,6/22/2015,7009,1161601.57
Germany,Clothes,Offline,L,11/7/2010,379900634,12/2/2010,9895,726688.8
Georgia,Cereal,Online,H,6/14/2014,243144452,7/16/2014,701,62101.59
Malta,Cosmetics,Online,H,6/15/2010,998043382,7/3/2010,2070,359910.9
Spain,Fruits,Offline,L,10/24/2015,446045196,11/1/2015,3540,8531.4
Lithuania,Household,Offline,M,10/14/2014,544284856,10/25/2014,4839,801967.47
Romania,Vegetables,Offline,H,11/6/2014,606118571,11/18/2014,2809,177332.17
Portugal,Snacks,Online,C,10/7/2010,583654105,10/19/2010,5075,279835.5
Moldova ,Baby Food,Online,C,1/27/2014,608451879,3/1/2014,3287,315091.82
Romania,Beverages,Online,M,5/10/2015,910886180,6/10/2015,317,4964.22
Vatican City,Snacks,Offline,L,11/5/2011,820195758,11/24/2011,3006,165750.84
Lithuania,Clothes,Online,H,6/28/2016,378216636,8/8/2016,1562,114713.28
Denmark,Clothes,Online,C,7/21/2014,539002406,7/23/2014,1645,120808.8
Serbia,Office Supplies,Online,M,5/31/2015,659193694,6/11/2015,8918,1125897.5
Andorra,Beverages,Online,H,3/11/2015,320431125,4/17/2015,1545,24194.7
Liechtenstein,Vegetables,Offline,L,11/28/2011,229355323,12/10/2011,192,12120.96
Macedonia,Beverages,Offline,L,7/5/2017,949732291,8/14/2017,5745,89966.7
San Marino,Household,Online,C,8/12/2014,871147000,8/25/2014,611,101261.03
Cyprus,Baby Food,Online,M,1/18/2010,806197631,2/18/2010,649,62213.14
Lithuania,Beverages,Offline,H,7/5/2015,926280772,7/21/2015,5919,92691.54
Greece,Vegetables,Offline,L,1/8/2011,936547410,1/12/2011,4046,255423.98
Slovenia,Cosmetics,Online,H,10/29/2013,498201072,11/7/2013,7623,1325411.01
Cyprus,Snacks,Offline,H,7/27/2015,842725884,8/11/2015,171,9428.94
Latvia,Office Supplies,Online,L,5/1/2017,343730294,5/28/2017,6287,793733.75
Georgia,Vegetables,Online,C,2/26/2015,636907756,4/1/2015,4013,253340.69
Czech Republic,Cereal,Online,H,2/16/2013,444806230,4/1/2013,6903,611536.77
Latvia,Snacks,Online,M,3/18/2017,517097985,4/14/2017,9640,531549.6
Netherlands,Beverages,Offline,M,10/27/2015,642953670,12/9/2015,3134,49078.44
Serbia,Snacks,Offline,M,8/18/2014,265191352,9/26/2014,4869,268476.66
Latvia,Office Supplies,Online,L,6/16/2013,129127395,6/20/2013,520,65650
Serbia,Vegetables,Offline,M,6/25/2011,392518174,7/3/2011,3705,233896.65
Malta,Fruits,Online,C,11/21/2016,121380746,12/18/2016,8115,19557.15
Bulgaria,Meat,Offline,H,4/7/2012,948518216,5/4/2012,6473,370255.6
Finland,Office Supplies,Offline,L,4/17/2017,163744628,5/1/2017,4529,571786.25
Greece,Household,Offline,M,1/23/2012,706301438,2/11/2012,9146,1515766.58
Montenegro,Clothes,Online,C,3/9/2014,234082448,3/9/2014,9053,664852.32
Romania,Meat,Offline,L,8/22/2012,161607444,10/3/2012,2089,119490.8
Lithuania,Meat,Offline,C,7/6/2014,764483058,8/5/2014,6380,364936
Iceland,Baby Food,Offline,M,8/5/2014,828993833,9/2/2014,6552,628074.72
Bosnia and Herzegovina,Meat,Offline,C,12/9/2015,498946940,1/11/2016,8342,477162.4
Switzerland,Personal Care,Offline,M,8/2/2014,287151563,8/11/2014,3383,84777.98
Croatia,Office Supplies,Online,C,5/22/2013,259006392,6/6/2013,4602,581002.5
United Kingdom,Vegetables,Online,C,9/30/2012,556647908,10/29/2012,3341,210917.33
Ireland,Vegetables,Offline,M,4/9/2011,923922574,5/23/2011,8076,509837.88
San Marino,Snacks,Offline,C,1/4/2017,742100560,1/17/2017,2902,160016.28
France,Fruits,Offline,H,2/12/2014,605029380,2/18/2014,493,1188.13
Cyprus,Meat,Online,L,6/11/2017,333304440,7/5/2017,1046,59831.2
Malta,Beverages,Online,M,4/30/2016,180358016,5/16/2016,800,12528
Georgia,Clothes,Online,H,7/18/2012,141846215,8/16/2012,4302,315938.88
Moldova ,Baby Food,Offline,C,6/9/2017,252541625,7/5/2017,1534,147049.24
Montenegro,Cosmetics,Offline,C,3/29/2014,614597785,5/14/2014,1997,347218.39
Sweden,Personal Care,Offline,H,5/17/2011,861976850,5/25/2011,6960,174417.6
Czech Republic,Clothes,Offline,L,8/21/2012,631463515,9/25/2012,2942,216060.48
Moldova ,Fruits,Online,M,7/29/2013,307305467,8/10/2013,7371,17764.11
Cyprus,Cereal,Offline,H,7/5/2011,392676532,8/6/2011,567,50230.53
Luxembourg,Baby Food,Online,L,5/26/2012,111063039,7/13/2012,4876,467413.36
Spain,Beverages,Online,M,12/5/2011,556263816,12/7/2011,9679,151573.14
Greece,Beverages,Online,M,5/25/2011,642123687,5/30/2011,7523,117810.18
Czech Republic,Beverages,Online,M,5/2/2010,242168128,5/3/2010,1785,27953.1
Croatia,Beverages,Offline,H,3/11/2017,192236125,3/22/2017,5796,90765.36
Greece,Snacks,Online,L,8/18/2016,957926118,9/1/2016,480,26467.2
Austria,Beverages,Online,H,11/14/2016,646691596,12/13/2016,9269,145152.54
Ukraine,Office Supplies,Offline,H,12/4/2015,115363156,1/10/2016,7376,931220
Vatican City,Household,Offline,L,3/17/2017,922564303,4/2/2017,6134,1016587.82
Bulgaria,Cereal,Offline,H,2/17/2011,928168189,3/15/2011,4448,394048.32
Monaco,Vegetables,Online,L,3/18/2011,346498763,4/2/2011,5539,349677.07
Serbia,Beverages,Offline,H,11/29/2016,797316300,11/29/2016,2466,38617.56
Ireland,Baby Food,Online,H,4/18/2015,497506701,5/10/2015,2144,205523.84
Andorra,Personal Care,Online,C,6/5/2010,245556294,6/25/2010,4419,110740.14
Latvia,Personal Care,Online,L,1/27/2014,716411006,2/17/2014,792,19847.52
Liechtenstein,Office Supplies,Online,M,11/1/2015,186597907,12/15/2015,7322,924402.5
Armenia,Vegetables,Online,L,5/15/2016,848737466,5/31/2016,9132,576503.16
France,Office Supplies,Online,H,10/27/2013,130754315,11/2/2013,1962,247702.5
Netherlands,Office Supplies,Offline,M,2/2/2011,719293630,2/25/2011,3824,482780
Kosovo,Office Supplies,Offline,C,5/7/2011,616775310,5/24/2011,6375,804843.75
Finland,Fruits,Offline,L,9/20/2010,591287887,10/2/2010,4080,9832.8
Italy,Clothes,Online,M,4/18/2010,334539973,5/11/2010,6667,489624.48
Belarus,Snacks,Offline,C,1/16/2016,403665006,2/19/2016,2300,126822
Poland,Cosmetics,Offline,H,4/13/2011,892042911,5/12/2011,4175,725907.25
United Kingdom,Household,Online,C,7/30/2016,394356667,8/4/2016,7756,1285401.88
Norway,Fruits,Offline,M,4/29/2012,752792918,5/12/2012,7008,16889.28
Bosnia and Herzegovina,Vegetables,Online,C,3/2/2012,760619390,4/16/2012,3035,191599.55
Ukraine,Beverages,Online,M,2/19/2014,343889510,4/2/2014,3403,53290.98
Malta,Baby Food,Offline,L,6/25/2012,398104035,8/12/2012,6686,640919.96
Slovenia,Meat,Offline,M,9/25/2014,631460940,10/5/2014,2180,124696
Moldova ,Snacks,Offline,M,5/1/2010,489848029,5/20/2010,5772,318268.08
Vatican City,Office Supplies,Online,L,11/27/2016,797788369,11/28/2016,2162,272952.5
United Kingdom,Personal Care,Online,C,6/5/2013,430687510,6/10/2013,8860,222031.6
Portugal,Personal Care,Online,H,2/11/2015,667054498,2/12/2015,5104,127906.24
Denmark,Cereal,Online,H,9/14/2014,666921460,10/10/2014,5735,508063.65
Austria,Office Supplies,Online,L,3/12/2014,861252868,3/28/2014,2717,343021.25
Vatican City,Baby Food,Online,C,5/24/2017,126948583,7/9/2017,5762,552345.32
Estonia,Clothes,Offline,H,6/8/2013,353191840,7/9/2013,6169,453051.36
Belgium,Vegetables,Online,L,5/9/2017,259032571,5/13/2017,2349,148292.37
Georgia,Meat,Offline,L,8/3/2014,517514264,9/4/2014,2826,161647.2
United Kingdom,Cosmetics,Offline,H,3/2/2016,624940383,3/30/2016,2602,452409.74
Malta,Cosmetics,Online,C,10/21/2011,567751824,11/21/2011,9236,1605863.32
Spain,Fruits,Offline,H,12/6/2012,262177836,1/16/2013,3103,7478.23
Croatia,Household,Online,L,5/25/2016,582560193,5/28/2016,1362,225724.26
Kosovo,Vegetables,Online,H,7/1/2014,139949357,7/14/2014,2980,188127.4
Albania,Clothes,Offline,H,3/9/2015,470503079,3/21/2015,1172,86071.68
Austria,Beverages,Offline,C,5/10/2015,413951814,5/31/2015,6395,100145.7
Germany,Office Supplies,Offline,L,8/19/2010,433734500,9/8/2010,532,67165
Ukraine,Office Supplies,Online,C,11/14/2012,624348151,12/8/2012,7347,927558.75
Poland,Clothes,Offline,M,3/12/2012,109914195,4/16/2012,4908,360443.52
Georgia,Snacks,Online,C,5/31/2010,947073256,6/12/2010,8878,489532.92
Bosnia and Herzegovina,Personal Care,Online,L,7/24/2014,409514796,9/7/2014,3383,84777.98
Latvia,Office Supplies,Online,L,5/31/2010,182228696,7/12/2010,4375,552343.75
Bosnia and Herzegovina,Household,Online,C,2/13/2013,723893725,3/11/2013,5095,844394.35
Norway,Snacks,Offline,L,3/12/2016,392217338,3/15/2016,4681,258110.34
Romania,Baby Food,Offline,C,2/19/2015,108407437,3/27/2015,9025,865136.5
Iceland,Snacks,Offline,L,12/20/2016,358594453,2/2/2017,4922,271399.08
Denmark,Snacks,Offline,C,6/3/2013,784397923,6/15/2013,9631,531053.34
Cyprus,Meat,Offline,M,6/9/2017,111246287,7/2/2017,9103,520691.6
Poland,Vegetables,Online,L,2/19/2016,777018630,3/19/2016,5935,374676.55
Moldova ,Clothes,Offline,H,9/1/2013,601588857,9/10/2013,2366,173759.04
Denmark,Cereal,Online,C,11/30/2015,905947482,1/18/2016,8847,783755.73
Italy,Vegetables,Online,H,7/22/2011,359893071,8/6/2011,9212,581553.56
Poland,Cosmetics,Offline,M,7/20/2016,284310567,9/2/2016,2670,464232.9
Bosnia and Herzegovina,Vegetables,Offline,M,2/6/2012,942372310,2/19/2012,7763,490078.19
Macedonia,Meat,Online,C,3/16/2015,604124295,4/2/2015,2659,152094.8
Kosovo,Fruits,Online,C,3/7/2015,720229613,3/11/2015,803,1935.23
Austria,Personal Care,Online,M,7/31/2014,967258059,8/8/2014,2009,50345.54
Poland,Cereal,Offline,M,6/10/2011,520390880,7/24/2011,4080,361447.2
Bosnia and Herzegovina,Fruits,Offline,L,10/15/2016,623821580,10/31/2016,1523,3670.43
Bulgaria,Meat,Online,C,7/20/2010,273662412,7/23/2010,1644,94036.8
Kosovo,Vegetables,Offline,M,3/8/2017,941061675,3/20/2017,9917,626060.21
Moldova ,Meat,Online,M,12/7/2013,421456849,12/10/2013,7302,417674.4
Andorra,Cosmetics,Online,H,4/10/2012,291160714,5/26/2012,9780,1700448.6
Georgia,Fruits,Offline,M,1/21/2014,724085128,2/10/2014,1735,4181.35
Luxembourg,Vegetables,Online,M,9/30/2014,742569196,11/17/2014,1581,99808.53
Poland,Household,Online,M,7/29/2016,760346877,8/6/2016,2392,396426.16
Moldova ,Cosmetics,Online,M,11/5/2015,260630738,12/19/2015,5282,918381.34
Spain,Meat,Online,H,4/2/2013,462561166,5/2/2013,983,56227.6
Netherlands,Personal Care,Offline,H,10/2/2014,353475940,10/4/2014,240,6014.4
Armenia,Beverages,Online,H,6/5/2011,432031619,6/29/2011,6612,103543.92
Armenia,Household,Online,L,2/19/2012,104165685,3/6/2012,3796,629111.08
Ukraine,Personal Care,Online,M,2/26/2011,762117564,3/28/2011,6378,159832.68
Finland,Snacks,Offline,H,3/10/2013,918364179,4/11/2013,3223,177716.22
Georgia,Meat,Online,M,4/18/2011,913729751,5/9/2011,1793,102559.6
Armenia,Snacks,Online,H,2/28/2011,196346127,4/12/2011,2037,112320.18
Cyprus,Personal Care,Online,M,12/21/2014,553107821,1/13/2015,5751,144120.06
San Marino,Cereal,Online,M,5/8/2014,591774117,5/30/2014,7967,705796.53
Cyprus,Personal Care,Online,C,6/2/2015,627432048,6/23/2015,9941,249121.46
Germany,Meat,Offline,M,1/14/2017,615290009,1/18/2017,6842,391362.4
Italy,Beverages,Online,H,8/13/2015,897317206,9/1/2015,4957,77626.62
Montenegro,Personal Care,Offline,L,11/14/2016,594699656,12/30/2016,3699,92696.94
Ukraine,Cosmetics,Offline,M,6/28/2017,574925124,7/13/2017,1975,343393.25
Ukraine,Beverages,Offline,M,3/19/2015,946421372,3/21/2015,5971,93505.86
Armenia,Clothes,Offline,C,2/21/2017,885998284,2/28/2017,5436,399219.84
Hungary,Household,Offline,L,7/17/2016,954065883,9/1/2016,8151,1350865.23
Malta,Beverages,Online,M,6/7/2015,994406735,6/30/2015,5906,92487.96
Austria,Personal Care,Online,M,7/9/2017,132069671,7/20/2017,1205,30197.3
Belarus,Household,Online,M,11/30/2013,990455090,12/14/2013,6526,1081553.98
Norway,Cereal,Offline,C,6/6/2015,445952498,7/7/2015,6109,541196.31
Estonia,Office Supplies,Offline,M,4/26/2016,628055179,5/13/2016,4339,547798.75
Slovenia,Personal Care,Online,C,6/6/2010,243391644,6/27/2010,3851,96506.06
Ukraine,Clothes,Online,H,3/11/2015,823505389,3/30/2015,2400,176256
Ireland,Snacks,Online,L,12/30/2011,846413600,12/31/2011,1448,79842.72
Cyprus,Fruits,Offline,C,3/31/2012,850279843,4/10/2012,5556,13389.96
Austria,Office Supplies,Online,H,2/25/2010,268373954,2/28/2010,6672,842340
Serbia,Cosmetics,Online,H,3/25/2012,350550401,4/22/2012,4508,783805.96
San Marino,Personal Care,Online,C,5/27/2010,293178594,6/1/2010,6916,173314.96
Georgia,Baby Food,Online,H,7/14/2013,168960559,8/19/2013,8039,770618.54
Albania,Beverages,Offline,M,12/11/2014,270358788,1/24/2015,4028,63078.48
Italy,Personal Care,Offline,M,6/9/2016,589842927,7/28/2016,6485,162514.1
Poland,Cereal,Offline,C,2/10/2014,655328738,3/22/2014,5191,459870.69
Albania,Vegetables,Online,M,8/7/2014,406564366,8/25/2014,286,18055.18
Spain,Clothes,Online,H,8/16/2012,374848639,9/6/2012,4897,359635.68
Slovakia,Fruits,Offline,L,8/14/2012,393858420,8/29/2012,314,756.74
Malta,Beverages,Online,C,10/21/2013,435463559,10/27/2013,2199,34436.34
Sweden,Vegetables,Offline,C,12/7/2016,284403264,12/27/2016,101,6376.13
Romania,Personal Care,Online,L,4/21/2010,917904984,4/24/2010,7338,183890.28
Switzerland,Vegetables,Online,C,10/4/2012,670274865,11/13/2012,8082,510216.66
Luxembourg,Cosmetics,Offline,M,1/30/2015,380684268,2/23/2015,1789,311053.43
Romania,Personal Care,Offline,H,9/30/2014,264526593,10/7/2014,8152,204289.12
Ukraine,Personal Care,Offline,C,4/17/2017,485929429,5/19/2017,6171,154645.26
Serbia,Office Supplies,Offline,C,8/24/2014,209736573,9/24/2014,4568,576710
Belgium,Office Supplies,Offline,M,1/5/2016,233440434,2/17/2016,9067,1144708.75
Austria,Vegetables,Offline,L,5/5/2011,384483993,6/19/2011,6212,392163.56
Belarus,Beverages,Online,H,8/15/2010,311921012,8/26/2010,3214,50331.24
Switzerland,Baby Food,Online,L,9/9/2010,128003442,10/23/2010,7918,759019.48
Italy,Beverages,Offline,C,7/27/2013,981154048,8/9/2013,4141,64848.06
Germany,Personal Care,Online,L,12/3/2012,287917602,1/5/2013,71,1779.26
Cyprus,Snacks,Offline,L,12/4/2014,548343789,12/6/2014,5967,329020.38
Cyprus,Meat,Online,L,3/2/2016,498089492,3/22/2016,4604,263348.8
Moldova ,Snacks,Offline,C,3/1/2015,251907765,4/7/2015,3961,218409.54
Malta,Snacks,Online,L,5/26/2015,339999663,6/13/2015,2311,127428.54
Norway,Cereal,Online,M,11/4/2015,481114327,11/24/2015,1276,113040.84
Liechtenstein,Cereal,Offline,L,10/16/2014,194785726,11/13/2014,280,24805.2
Andorra,Beverages,Online,C,4/24/2016,443544518,4/28/2016,3534,55342.44
San Marino,Clothes,Online,H,7/30/2013,467138516,8/8/2013,5523,405609.12
Bosnia and Herzegovina,Vegetables,Online,H,11/27/2016,184708344,12/2/2016,8159,515077.67
Bosnia and Herzegovina,Office Supplies,Offline,H,10/19/2015,640394628,11/7/2015,5856,739320
Andorra,Vegetables,Offline,L,10/15/2016,403337991,11/24/2016,5529,349045.77
Andorra,Vegetables,Online,C,3/3/2013,967679059,3/19/2013,6592,416152.96
Macedonia,Snacks,Online,L,7/11/2017,125339686,7/24/2017,9653,532266.42
Croatia,Personal Care,Offline,M,3/29/2013,396832883,3/31/2013,523,13106.38
Switzerland,Cosmetics,Offline,M,3/18/2014,209445178,4/20/2014,8337,1449554.19
Switzerland,Clothes,Offline,M,5/21/2011,933963048,6/24/2011,9275,681156
Greece,Cereal,Online,H,5/5/2015,587598884,6/13/2015,2422,214564.98
Ireland,Personal Care,Online,C,10/3/2014,941524302,10/9/2014,6819,170884.14
Denmark,Cosmetics,Offline,M,7/22/2012,805974042,7/28/2012,4484,779633.08
Estonia,Beverages,Offline,L,2/19/2016,217859160,3/5/2016,8222,128756.52
Andorra,Vegetables,Offline,L,12/15/2013,727426946,2/3/2014,653,41223.89
Belgium,Fruits,Offline,M,5/4/2011,187103450,5/14/2011,6924,16686.84
Romania,Cereal,Online,H,3/14/2016,572634732,4/1/2016,4197,371812.23
Serbia,Vegetables,Online,C,8/31/2014,285343968,9/5/2014,8476,535089.88
Slovenia,Vegetables,Offline,M,4/21/2013,886763894,5/27/2013,1997,126070.61
Moldova ,Beverages,Offline,C,11/4/2013,436606395,12/3/2013,389,6091.74
Kosovo,Cosmetics,Online,L,9/26/2010,845738112,10/23/2010,1557,270715.59
Belarus,Fruits,Online,C,6/24/2014,669353473,7/7/2014,5422,13067.02
Belgium,Cosmetics,Online,M,9/29/2015,147826898,11/5/2015,4119,716170.53
Spain,Cosmetics,Online,C,3/2/2011,832057130,4/2/2011,3050,530303.5
Lithuania,Office Supplies,Online,H,8/23/2011,212106788,9/26/2011,5967,753333.75
Ireland,Fruits,Online,L,9/19/2016,548015487,10/9/2016,8815,21244.15
Spain,Vegetables,Offline,M,4/14/2011,305569112,6/3/2011,3545,223795.85
Slovakia,Snacks,Offline,C,11/16/2016,536095750,12/26/2016,1500,82710
Armenia,Household,Offline,L,9/9/2015,621577537,9/16/2015,7461,1236511.53
Bulgaria,Cosmetics,Offline,H,5/6/2017,826968657,6/15/2017,7258,1261948.46
Montenegro,Household,Offline,L,11/25/2010,546544349,12/12/2010,3473,575580.29
Luxembourg,Household,Offline,C,9/5/2016,463591134,10/1/2016,5773,956759.29
Macedonia,Office Supplies,Offline,C,12/17/2015,696839892,1/2/2016,9264,1169580
United Kingdom,Personal Care,Offline,M,9/22/2011,509380948,9/27/2011,5997,150284.82
Estonia,Beverages,Online,H,2/29/2016,650208079,3/19/2016,9875,154642.5
Moldova ,Meat,Offline,L,6/14/2010,229105556,8/3/2010,6280,359216
Ukraine,Office Supplies,Offline,M,3/11/2016,660481584,4/20/2016,33,4166.25
Kosovo,Office Supplies,Offline,H,8/3/2014,168487203,9/21/2014,7962,1005202.5
Slovakia,Baby Food,Offline,H,5/30/2012,891808593,6/11/2012,4835,463483.1
San Marino,Fruits,Online,L,7/10/2017,765734040,8/4/2017,6574,15843.34
San Marino,Cereal,Offline,L,5/18/2012,125349128,6/6/2012,2447,216779.73
Netherlands,Vegetables,Offline,H,3/12/2017,688698422,4/1/2017,22,1388.86
France,Household,Online,L,6/16/2011,367328155,7/30/2011,9419,1561010.87
Belgium,Cereal,Offline,L,11/14/2012,495450627,12/26/2012,3705,328225.95
Belarus,Personal Care,Online,M,7/24/2013,638856971,8/21/2013,829,20774.74
Slovakia,Vegetables,Offline,M,6/1/2016,936664998,7/5/2016,8843,558258.59
Belgium,Cosmetics,Offline,C,5/21/2011,695059764,6/29/2011,2485,432066.95
Belarus,Beverages,Online,H,3/8/2010,681713092,3/22/2010,2908,45539.28
Denmark,Beverages,Offline,H,9/26/2010,511155498,11/4/2010,1126,17633.16
France,Personal Care,Online,H,10/16/2010,762655293,11/11/2010,5504,137930.24
Romania,Personal Care,Offline,L,1/14/2015,119935786,1/27/2015,519,13006.14
Czech Republic,Snacks,Online,M,8/31/2010,755605590,9/11/2010,9340,515007.6
Moldova ,Meat,Online,M,6/13/2010,907047402,8/1/2010,4338,248133.6
Norway,Fruits,Offline,L,8/12/2013,638937652,9/6/2013,4705,11339.05
France,Cereal,Offline,H,2/26/2016,449206340,4/3/2016,8993,796689.87
Romania,Beverages,Online,L,7/10/2010,864071118,7/18/2010,6700,104922
Belgium,Fruits,Online,M,11/10/2013,609939754,11/30/2013,3582,8632.62
Lithuania,Cereal,Offline,M,2/6/2014,907691991,3/9/2014,5086,450568.74
Georgia,Fruits,Offline,C,1/28/2017,460693061,2/25/2017,8169,19687.29
Switzerland,Office Supplies,Offline,H,4/5/2013,424541604,5/17/2013,150,18937.5
Czech Republic,Household,Online,L,8/25/2014,571161448,9/30/2014,8220,1362300.6
Netherlands,Beverages,Online,H,2/4/2011,985039174,3/10/2011,3836,60071.76
Romania,Clothes,Online,H,11/16/2015,522323358,11/20/2015,5944,436527.36
Latvia,Vegetables,Offline,M,10/5/2016,486461150,11/13/2016,3519,222154.47
Slovenia,Cosmetics,Online,M,1/24/2017,949912965,3/6/2017,9210,1601342.7
France,Fruits,Online,L,4/20/2013,103499639,6/6/2013,6698,16142.18
Slovakia,Personal Care,Offline,C,12/23/2016,877687728,2/7/2017,6158,154319.48
Greece,Baby Food,Offline,H,1/15/2015,288073384,2/16/2015,6171,591552.06
Latvia,Household,Online,H,8/3/2016,607756221,8/11/2016,7426,1230710.98
Liechtenstein,Household,Online,H,2/13/2017,291179597,2/20/2017,5368,889638.64
San Marino,Fruits,Online,L,10/25/2010,875220096,11/6/2010,5930,14291.3
Greece,Household,Offline,C,3/11/2016,799848306,4/23/2016,1743,288867.39
Czech Republic,Meat,Offline,M,12/5/2011,693583905,1/6/2012,5745,328614
Sweden,Meat,Online,C,1/18/2015,437083184,2/19/2015,1482,84770.4
Macedonia,Vegetables,Offline,C,7/10/2017,759594142,7/12/2017,9641,608636.33
Denmark,Household,Online,L,5/16/2010,702815854,6/6/2010,7684,1273469.32
Sweden,Snacks,Online,C,6/1/2013,971899354,6/1/2013,5471,301670.94
Czech Republic,Office Supplies,Online,M,2/16/2010,521681344,4/3/2010,5957,752071.25
Iceland,Office Supplies,Offline,L,1/18/2012,239554154,2/13/2012,8253,1041941.25
Lithuania,Office Supplies,Online,M,4/17/2011,982566821,6/5/2011,2212,279265
United Kingdom,Cosmetics,Online,C,5/5/2017,887501180,6/20/2017,176,30601.12
Macedonia,Fruits,Online,H,10/25/2010,278513133,11/5/2010,7080,17062.8
Albania,Baby Food,Offline,L,5/18/2012,152191388,6/22/2012,5669,543430.34
Croatia,Personal Care,Offline,C,5/5/2014,309655511,5/21/2014,2802,70218.12
Luxembourg,Meat,Offline,M,12/18/2010,469129359,1/26/2011,4657,266380.4
Armenia,Snacks,Online,L,6/16/2017,951698243,7/3/2017,7514,414321.96
Malta,Snacks,Online,L,1/27/2012,981808078,1/28/2012,7683,423640.62
Cyprus,Cereal,Online,M,3/27/2013,833706796,4/3/2013,1223,108345.57
Croatia,Office Supplies,Online,H,6/9/2010,650078475,6/18/2010,1522,192152.5
Sweden,Snacks,Offline,H,10/27/2012,507531726,11/11/2012,8771,483632.94
Netherlands,Personal Care,Online,C,3/10/2012,544741475,3/25/2012,9963,249672.78
Italy,Baby Food,Online,H,1/15/2011,926826655,2/16/2011,7458,714923.88
Czech Republic,Household,Online,L,2/21/2011,759086453,2/27/2011,9405,1558690.65
Germany,Baby Food,Offline,C,11/1/2014,523899209,11/16/2014,2273,217889.78
Albania,Clothes,Online,M,4/7/2011,647943866,4/18/2011,9843,722869.92
Romania,Cereal,Offline,C,9/29/2012,812632358,10/17/2012,4828,427712.52
Belarus,Cosmetics,Online,L,10/17/2014,231861150,11/1/2014,1722,299404.14
Andorra,Snacks,Online,M,5/3/2010,348080623,5/19/2010,3646,201040.44
Germany,Office Supplies,Online,L,9/11/2013,368865811,10/16/2013,4445,561181.25
Denmark,Personal Care,Online,L,2/4/2016,478840672,2/9/2016,8451,211782.06
Sweden,Cereal,Online,L,7/19/2010,772643411,8/25/2010,1210,107193.9
Poland,Beverages,Online,M,8/22/2013,742843854,9/4/2013,2859,44771.94
Serbia,Beverages,Offline,C,12/23/2012,308582627,2/9/2013,5312,83185.92
Latvia,Personal Care,Online,L,3/29/2011,140499961,4/30/2011,5915,148229.9
Liechtenstein,Cereal,Online,M,12/13/2010,856648051,12/23/2010,50,4429.5
Slovakia,Cosmetics,Offline,H,6/13/2012,780899035,7/30/2012,4233,735991.71
Monaco,Meat,Offline,L,7/15/2013,177147090,8/17/2013,615,35178
Portugal,Office Supplies,Offline,C,2/17/2012,775849616,3/5/2012,9997,1262121.25
Macedonia,Meat,Online,C,12/14/2013,979200112,12/30/2013,5928,339081.6
Vatican City,Snacks,Offline,M,10/18/2014,429123675,11/11/2014,6086,335582.04
San Marino,Vegetables,Offline,L,2/19/2012,515771901,3/19/2012,7222,455924.86
Ukraine,Cereal,Online,C,8/7/2012,626109397,9/15/2012,8539,756470.01
Czech Republic,Household,Offline,H,12/5/2012,574247491,12/17/2012,1448,239977.04
France,Cereal,Offline,L,8/28/2010,797718417,10/15/2010,1462,129518.58
Estonia,Cereal,Online,C,10/14/2013,220607459,10/17/2013,1504,133239.36
Ireland,Baby Food,Offline,L,7/19/2010,629301440,7/29/2010,3135,300521.1
Macedonia,Clothes,Offline,H,8/1/2016,431432092,9/13/2016,9198,675501.12
Andorra,Baby Food,Online,H,9/27/2010,442318427,10/8/2010,707,67773.02
Austria,Cosmetics,Offline,L,7/24/2010,540982520,9/1/2010,7604,1322107.48
Iceland,Clothes,Offline,C,11/11/2010,563939225,12/19/2010,1004,73733.76
Austria,Cereal,Online,H,12/24/2015,323293578,2/2/2016,8609,762671.31
Estonia,Snacks,Online,L,7/22/2015,507040774,7/25/2015,3488,192328.32
Greece,Office Supplies,Offline,M,4/2/2013,516599738,5/9/2013,2197,277371.25
Belarus,Clothes,Online,H,7/22/2016,383611094,8/26/2016,7902,580322.88
San Marino,Baby Food,Offline,M,6/3/2016,412416303,6/11/2016,2004,192103.44
Croatia,Cosmetics,Offline,M,2/15/2012,364715468,2/19/2012,6267,1089643.29
Netherlands,Personal Care,Offline,H,5/8/2010,392752492,6/3/2010,3045,76307.7
Hungary,Fruits,Offline,H,1/4/2014,633992946,1/6/2014,1456,3508.96
San Marino,Clothes,Online,C,10/30/2011,937875640,11/30/2011,7098,521277.12
Belarus,Vegetables,Online,C,8/12/2016,614054477,8/16/2016,1220,77018.6
Sweden,Baby Food,Offline,H,3/29/2011,369170081,4/3/2011,4486,430027.96
Albania,Clothes,Offline,C,1/16/2016,357930982,3/5/2016,8586,630555.84
Sweden,Fruits,Online,L,4/11/2016,311221492,5/7/2016,6210,14966.1
Sweden,Snacks,Online,M,5/28/2012,274989354,7/10/2012,4316,237984.24
Cyprus,Office Supplies,Offline,L,5/8/2013,897785842,5/12/2013,3636,459045
Romania,Meat,Online,H,5/22/2017,929812705,5/25/2017,1097,62748.4
Ukraine,Cosmetics,Online,H,1/29/2012,202047002,3/6/2012,9053,1574045.11
Kosovo,Fruits,Online,L,8/27/2011,919922006,9/18/2011,4219,10167.79
Moldova ,Beverages,Offline,H,6/17/2013,243226420,7/3/2013,4958,77642.28
United Kingdom,Clothes,Online,M,11/13/2016,249765861,11/24/2016,123,9033.12
Romania,Beverages,Online,H,5/31/2016,253055322,6/12/2016,3548,55561.68
Montenegro,Beverages,Offline,C,8/6/2016,243340575,9/4/2016,8739,136852.74
Czech Republic,Household,Offline,H,11/6/2014,988599860,12/11/2014,7522,1246621.06
Cyprus,Snacks,Online,M,4/18/2011,581193768,4/24/2011,7006,386310.84
Serbia,Cereal,Offline,C,8/11/2016,100983083,8/11/2016,1993,176559.87
Latvia,Personal Care,Offline,L,9/13/2012,936411798,9/17/2012,3915,98109.9
Bosnia and Herzegovina,Household,Offline,M,6/22/2015,261640536,8/1/2015,4104,680155.92
Finland,Baby Food,Offline,L,4/21/2017,564173543,4/26/2017,343,32879.98
Ukraine,Cereal,Offline,C,10/10/2011,580463349,11/8/2011,859,76098.81
France,Office Supplies,Offline,M,11/4/2013,428419864,12/5/2013,7813,986391.25
Portugal,Baby Food,Offline,C,1/11/2010,479171121,1/27/2010,6238,597974.68
Lithuania,Personal Care,Online,H,5/13/2015,120419871,6/26/2015,3771,94501.26
Italy,Clothes,Offline,M,9/11/2012,602301251,9/27/2012,3180,233539.2
Denmark,Baby Food,Online,M,12/9/2012,471484124,1/24/2013,1485,142352.1
Hungary,Snacks,Offline,M,2/1/2017,291611325,2/10/2017,3126,172367.64
Slovenia,Vegetables,Offline,M,2/10/2013,691383635,3/19/2013,4637,292733.81
Kosovo,Snacks,Online,H,2/5/2013,783913838,3/9/2013,6380,351793.2
Macedonia,Clothes,Online,C,3/14/2013,799109733,4/29/2013,3183,233759.52
Denmark,Beverages,Online,L,11/21/2016,223199975,1/4/2017,8687,136038.42
Georgia,Cereal,Offline,H,11/30/2016,391849982,12/11/2016,5972,529059.48
Croatia,Clothes,Online,H,1/13/2014,906508815,1/23/2014,4958,364115.52
Greece,Cereal,Offline,M,10/10/2013,524844634,10/13/2013,2045,181166.55
Iceland,Fruits,Online,H,10/21/2014,640476596,10/24/2014,112,269.92
Ukraine,Meat,Online,M,8/20/2012,733636796,9/15/2012,8286,473959.2
Bosnia and Herzegovina,Snacks,Online,L,12/24/2012,183778369,1/7/2013,2958,163104.12
Luxembourg,Snacks,Offline,M,4/22/2017,594991052,6/6/2017,9929,547485.06
Albania,Office Supplies,Online,H,7/13/2015,246922719,7/29/2015,8775,1107843.75
Slovakia,Snacks,Offline,L,10/10/2013,315066277,11/28/2013,3968,218795.52
Sweden,Household,Offline,C,10/9/2010,766118133,10/10/2010,235,38946.55
Luxembourg,Cereal,Online,M,12/18/2012,733648812,12/24/2012,1842,163182.78
Kosovo,Office Supplies,Online,C,2/16/2015,580782210,2/20/2015,5217,658646.25
Hungary,Baby Food,Offline,C,1/1/2010,279703605,1/10/2010,9367,897920.62
Poland,Baby Food,Offline,H,2/20/2016,645956456,4/8/2016,1725,165358.5
Montenegro,Clothes,Offline,M,11/19/2011,526350104,12/4/2011,7547,554251.68
Andorra,Meat,Online,L,2/26/2015,212903726,2/26/2015,1798,102845.6
Finland,Vegetables,Online,C,6/21/2017,680325210,7/23/2017,2203,139075.39
Slovenia,Beverages,Online,M,2/3/2011,263882005,2/27/2011,7404,115946.64
Slovenia,Fruits,Offline,L,5/28/2016,295168149,7/16/2016,5669,13662.29
Greece,Meat,Offline,C,9/12/2016,645111024,9/26/2016,1543,88259.6
Switzerland,Baby Food,Offline,M,8/11/2014,850562655,9/25/2014,9246,886321.56
Ireland,Personal Care,Offline,L,1/5/2014,702357947,2/4/2014,2179,54605.74
Montenegro,Clothes,Online,L,5/13/2017,102230632,6/13/2017,1171,85998.24
Armenia,Clothes,Online,L,1/3/2010,231450879,2/22/2010,313,22986.72
Poland,Clothes,Online,M,10/1/2010,880176818,10/15/2010,2735,200858.4
Italy,Clothes,Online,H,6/10/2011,755318915,6/25/2011,4507,330994.08
Andorra,Beverages,Online,H,11/25/2012,378873240,11/28/2012,5866,91861.56
Cyprus,Fruits,Online,L,11/27/2011,264856183,12/23/2011,5685,13700.85
Czech Republic,Cereal,Online,C,8/2/2014,118659913,8/17/2014,2960,262226.4
San Marino,Baby Food,Online,L,10/18/2012,667324435,10/31/2012,4985,477862.1
Poland,Baby Food,Online,C,9/26/2011,685233008,10/17/2011,4529,434149.94
Monaco,Beverages,Online,H,3/14/2013,757468974,3/23/2013,757,11854.62
Belgium,Meat,Online,H,9/23/2015,512714612,10/9/2015,2502,143114.4
Georgia,Meat,Offline,M,2/11/2010,516485583,3/6/2010,8416,481395.2
Kosovo,Vegetables,Online,H,11/7/2014,491547477,11/7/2014,8676,547715.88
Bulgaria,Fruits,Offline,C,10/8/2013,911891257,11/1/2013,7742,18658.22
Ukraine,Cereal,Online,H,12/14/2015,504024684,1/14/2016,959,84957.81
Lithuania,Vegetables,Online,L,7/17/2016,386601865,7/26/2016,2938,185475.94
Sweden,Cosmetics,Offline,C,1/16/2010,336813628,2/23/2010,9492,1650374.04
Belgium,Fruits,Online,C,7/24/2015,309188163,8/12/2015,4503,10852.23
Kosovo,Office Supplies,Offline,M,8/1/2012,760280358,8/21/2012,2708,341885
Slovakia,Beverages,Offline,M,9/15/2015,495593106,10/8/2015,5868,91892.88
Cyprus,Clothes,Offline,L,1/9/2013,209598815,1/11/2013,3802,279218.88
Georgia,Meat,Online,H,8/23/2012,483438193,9/26/2012,8959,512454.8
Switzerland,Vegetables,Online,L,10/15/2016,819037473,10/15/2016,244,15403.72
Liechtenstein,Fruits,Offline,H,4/26/2011,974420630,6/15/2011,1573,3790.93
Belgium,Snacks,Online,L,8/5/2013,921133935,8/11/2013,2856,157479.84
San Marino,Meat,Offline,L,3/23/2012,456934964,5/5/2012,6065,346918
Bulgaria,Fruits,Online,L,8/31/2010,468803632,10/2/2010,8267,19923.47
Finland,Baby Food,Online,M,10/13/2010,646981704,11/23/2010,5118,490611.48
Finland,Vegetables,Online,L,8/22/2015,972452533,10/4/2015,9169,578838.97
Austria,Personal Care,Offline,M,5/10/2010,535740411,6/7/2010,6348,159080.88
Ireland,Personal Care,Offline,H,2/26/2017,309285581,4/17/2017,3331,83474.86
Andorra,Baby Food,Offline,C,3/7/2013,380733191,4/13/2013,6267,600754.62
Kosovo,Fruits,Online,L,6/11/2012,989102828,7/8/2012,6362,15332.42
Latvia,Beverages,Online,M,5/2/2012,862326610,5/28/2012,461,7219.26
Sweden,Meat,Online,H,1/4/2013,152411115,2/21/2013,691,39525.2
Ukraine,Office Supplies,Offline,C,9/16/2016,862485826,10/27/2016,7577,956596.25
Vatican City,Fruits,Offline,M,7/25/2016,299739491,9/1/2016,8431,20318.71
France,Meat,Offline,L,7/17/2011,633312737,8/11/2011,167,9552.4
Norway,Office Supplies,Offline,C,12/14/2012,884192836,1/15/2013,1164,146955
Iceland,Meat,Online,M,7/9/2015,578356206,7/15/2015,7309,418074.8
Luxembourg,Personal Care,Online,L,5/17/2011,194858253,5/22/2011,1742,43654.52
Macedonia,Cereal,Offline,L,11/28/2010,988614022,1/11/2011,1713,151754.67
Estonia,Baby Food,Offline,M,1/2/2014,123086202,2/20/2014,2797,268120.42
Luxembourg,Meat,Online,M,12/19/2015,216278588,12/19/2015,495,28314
Romania,Baby Food,Offline,H,6/23/2015,693831098,7/14/2015,8895,852674.7
Macedonia,Cereal,Online,C,9/1/2010,963219296,9/18/2010,6850,606841.5
Austria,Vegetables,Offline,M,11/12/2016,468320834,12/21/2016,5397,340712.61
Iceland,Cereal,Online,M,6/15/2010,203955876,7/18/2010,3931,348247.29
Moldova ,Snacks,Offline,H,1/11/2016,583451974,2/5/2016,5260,290036.4
Luxembourg,Clothes,Online,M,1/30/2013,250848186,3/7/2013,407,29890.08
Albania,Meat,Online,C,11/12/2010,863138997,12/21/2010,865,49478
Serbia,Household,Online,M,9/23/2013,266614854,10/10/2013,6115,1013438.95
Andorra,Household,Offline,L,8/14/2016,834065997,9/14/2016,7518,1245958.14
Lithuania,Fruits,Offline,M,4/14/2010,879845082,5/1/2010,4567,11006.47
Slovakia,Cosmetics,Offline,M,11/27/2011,146545875,1/7/2012,5036,875609.32
Romania,Baby Food,Offline,C,8/30/2014,414359509,9/11/2014,7042,675046.12
Malta,Baby Food,Offline,L,8/21/2011,276850593,9/3/2011,5097,488598.42
Andorra,Cereal,Online,L,4/5/2011,556947886,5/17/2011,2111,187013.49
United Kingdom,Household,Online,C,3/23/2012,548403012,4/4/2012,3493,578894.89
United Kingdom,Vegetables,Online,L,9/7/2010,652252137,9/26/2010,4757,300309.41
Malta,Cosmetics,Online,M,3/29/2014,284108436,4/3/2014,2854,496224.98
Norway,Vegetables,Offline,H,7/5/2012,416682088,8/14/2012,4344,274236.72
Cyprus,Vegetables,Offline,M,12/8/2010,579094779,12/11/2010,5869,370509.97
Czech Republic,Fruits,Online,M,11/1/2012,192589318,12/16/2012,314,756.74
Belarus,Household,Offline,M,2/12/2015,785364806,3/21/2015,5754,953610.42
Bulgaria,Vegetables,Offline,C,1/26/2010,817061221,2/21/2010,5427,342606.51
Slovakia,Office Supplies,Online,H,2/20/2012,168319404,3/10/2012,8307,1048758.75
Croatia,Clothes,Online,C,6/9/2016,781083571,6/18/2016,8841,649283.04
Ukraine,Cereal,Offline,M,3/21/2011,401993882,4/11/2011,7778,689053.02
France,Office Supplies,Online,L,1/19/2012,391200673,2/13/2012,3827,483158.75
San Marino,Vegetables,Offline,M,9/30/2013,408540618,11/13/2013,5102,322089.26
San Marino,Personal Care,Online,L,7/17/2016,239048612,7/26/2016,8651,216794.06
Vatican City,Cosmetics,Offline,C,5/24/2012,292424571,6/5/2012,3784,657924.08
Bosnia and Herzegovina,Beverages,Online,M,8/28/2015,231341445,10/7/2015,7929,124168.14
Portugal,Office Supplies,Online,M,2/9/2013,533597218,2/24/2013,2130,268912.5
Romania,Meat,Offline,C,1/16/2016,682162415,2/26/2016,5873,335935.6
Iceland,Vegetables,Offline,C,2/13/2015,706176555,2/26/2015,2190,138254.7
Luxembourg,Office Supplies,Offline,H,9/17/2011,339786803,10/25/2011,9321,1176776.25
Malta,Personal Care,Offline,C,4/13/2017,274694526,5/11/2017,7069,177149.14
France,Clothes,Online,M,4/15/2014,633806264,4/26/2014,6213,456282.72
Spain,Personal Care,Online,C,12/8/2013,955466639,1/27/2014,2666,66809.96
Norway,Office Supplies,Online,L,1/30/2012,330590474,3/14/2012,7923,1000278.75
Malta,Cosmetics,Offline,C,11/26/2015,819516837,12/25/2015,2098,364779.26
Kosovo,Snacks,Offline,C,7/13/2011,499101436,8/28/2011,4061,223923.54
Andorra,Clothes,Online,C,6/20/2017,190002810,8/5/2017,4909,360516.96
Macedonia,Beverages,Offline,M,12/17/2015,653152501,12/22/2015,1194,18698.04
Austria,Vegetables,Offline,C,5/9/2014,489600837,6/9/2014,2622,165526.86
Montenegro,Baby Food,Online,M,1/5/2016,750959146,1/25/2016,4354,417374.44
Bosnia and Herzegovina,Personal Care,Offline,L,1/12/2010,356413495,1/18/2010,9528,238771.68
Bosnia and Herzegovina,Office Supplies,Offline,L,11/30/2015,288656175,12/30/2015,8632,1089790
Netherlands,Clothes,Offline,H,7/26/2016,513611114,9/5/2016,7797,572611.68
Monaco,Vegetables,Offline,C,11/6/2012,671616399,12/10/2012,5072,320195.36
Macedonia,Beverages,Offline,L,4/30/2015,212319648,5/15/2015,8957,140266.62
Monaco,Household,Online,L,4/30/2014,971578347,6/16/2014,478,79218.94
Italy,Fruits,Offline,L,11/17/2016,704233348,11/26/2016,7152,17236.32
Bulgaria,Snacks,Online,C,5/31/2010,768230426,6/22/2010,5310,292793.4
Luxembourg,Fruits,Offline,M,12/31/2016,707661855,1/26/2017,1723,4152.43
Hungary,Fruits,Offline,M,9/8/2011,628595054,10/21/2011,4100,9881
Greece,Beverages,Offline,H,2/20/2010,795141351,2/24/2010,8850,138591
Belgium,Meat,Offline,M,3/22/2015,164259612,4/29/2015,6924,396052.8
Norway,Snacks,Online,H,11/15/2016,750439441,12/29/2016,562,30988.68
Armenia,Fruits,Offline,C,11/29/2014,362258565,12/14/2014,9214,22205.74
Slovakia,Cereal,Online,H,1/14/2015,209357202,1/22/2015,2303,204022.77
Portugal,Cosmetics,Offline,L,3/20/2014,450041043,4/16/2014,6000,1043220
Slovakia,Office Supplies,Online,H,3/15/2015,103450715,4/18/2015,2220,280275
Luxembourg,Fruits,Online,M,9/25/2016,384601581,10/19/2016,1009,2431.69
Denmark,Vegetables,Online,L,8/25/2015,186079490,8/29/2015,3911,246901.43
Bulgaria,Office Supplies,Online,M,5/22/2012,513026177,6/5/2012,4701,593501.25
Malta,Baby Food,Offline,L,3/16/2010,222720611,4/1/2010,6833,655011.38
Bosnia and Herzegovina,Household,Offline,M,3/1/2012,891681563,3/27/2012,7245,1200713.85
Kosovo,Beverages,Offline,M,6/8/2012,129169023,7/18/2012,2839,44458.74
France,Cereal,Online,C,9/19/2012,764811360,9/30/2012,3532,312899.88
Liechtenstein,Vegetables,Offline,C,10/17/2013,801925837,10/26/2013,6531,412302.03
San Marino,Office Supplies,Offline,C,11/5/2013,881194770,12/5/2013,3969,501086.25
Austria,Vegetables,Offline,C,8/17/2011,917835032,10/6/2011,6637,418993.81
Switzerland,Fruits,Online,H,6/8/2014,159232509,7/14/2014,9293,22396.13
Serbia,Vegetables,Online,L,10/31/2013,917639768,12/14/2013,8854,558953.02
Lithuania,Fruits,Online,M,3/9/2011,965796363,3/19/2011,9461,22801.01
Bosnia and Herzegovina,Baby Food,Online,L,7/16/2016,551118266,8/15/2016,6997,670732.42
Albania,Office Supplies,Online,M,8/10/2016,849454581,9/6/2016,1342,169427.5
Georgia,Cereal,Offline,M,12/14/2010,962560546,1/8/2011,1911,169295.49
Liechtenstein,Vegetables,Offline,H,5/23/2011,927351081,6/2/2011,2647,167105.11
Luxembourg,Household,Online,H,10/20/2010,840781390,11/13/2010,4752,787548.96
Spain,Vegetables,Online,H,3/31/2017,722233331,4/6/2017,3747,236548.11
Portugal,Meat,Online,H,11/21/2011,663080108,12/10/2011,8994,514456.8
Poland,Cereal,Online,L,10/7/2011,439640080,11/2/2011,8124,719705.16
Romania,Household,Offline,H,6/19/2014,765858924,7/21/2014,3530,585026.9
Austria,Cereal,Online,M,5/13/2010,123544108,6/22/2010,8302,735474.18
Latvia,Snacks,Offline,M,4/7/2017,569170606,4/13/2017,9085,500946.9
San Marino,Personal Care,Online,L,1/6/2012,185947310,1/27/2012,4796,120187.76
Poland,Vegetables,Online,H,7/19/2015,534709155,9/2/2015,1176,74240.88
Netherlands,Office Supplies,Online,C,8/9/2014,138182103,8/16/2014,10,1262.5
Bulgaria,Meat,Offline,H,9/10/2013,780590045,10/3/2013,2796,159931.2
Greece,Fruits,Online,L,7/9/2017,643448483,7/25/2017,9560,23039.6
Ireland,Office Supplies,Online,C,1/6/2011,144978606,2/19/2011,1246,157307.5
Portugal,Household,Online,M,1/4/2014,444798934,1/20/2014,4744,786223.12
Liechtenstein,Meat,Online,C,5/31/2017,543396508,6/5/2017,1957,111940.4
Austria,Meat,Online,H,11/6/2013,866396272,11/16/2013,4765,272558
Ireland,Cereal,Online,H,7/12/2016,946823489,8/30/2016,4966,439937.94
San Marino,Cosmetics,Online,H,11/30/2012,228211200,12/3/2012,1620,281669.4
Vatican City,Cereal,Online,M,6/9/2011,547587192,7/14/2011,2073,183647.07
Italy,Clothes,Online,H,1/10/2010,689421546,1/31/2010,4011,294567.84
Croatia,Meat,Online,M,12/21/2010,530882394,2/2/2011,8753,500671.6
Slovakia,Snacks,Offline,M,6/10/2011,765552079,7/17/2011,2727,150366.78
Sweden,Baby Food,Offline,M,5/26/2010,469974792,6/17/2010,4840,463962.4
Slovenia,Personal Care,Offline,M,11/23/2014,700304019,12/21/2014,4376,109662.56
Norway,Clothes,Online,H,4/14/2014,509356057,4/17/2014,8631,633860.64
Armenia,Baby Food,Offline,M,2/10/2010,838788402,2/26/2010,4983,477670.38
Bulgaria,Office Supplies,Offline,C,2/9/2014,200507199,2/25/2014,3391,428113.75
Andorra,Meat,Online,M,10/3/2011,504973971,11/2/2011,1875,107250
Armenia,Cereal,Offline,H,1/20/2010,477282845,2/4/2010,7455,660438.45
Slovakia,Cosmetics,Online,L,3/1/2010,161399304,3/15/2010,496,86239.52
Hungary,Office Supplies,Online,H,8/20/2011,204392325,9/26/2011,3086,389607.5
Latvia,Cereal,Offline,M,6/28/2010,400904691,7/12/2010,5462,483878.58
Belgium,Beverages,Offline,L,12/21/2016,244023358,1/22/2017,789,12355.74
Moldova ,Cosmetics,Online,H,6/13/2013,830172288,7/29/2013,5283,918555.21
Moldova ,Meat,Offline,L,5/13/2016,815755307,6/9/2016,8978,513541.6
Austria,Clothes,Online,M,12/23/2015,870173251,12/30/2015,2457,180442.08
Greece,Baby Food,Online,M,8/19/2013,444234168,9/27/2013,7617,730165.62
Liechtenstein,Clothes,Offline,H,8/4/2016,545059049,8/8/2016,3940,289353.6
United Kingdom,Baby Food,Offline,M,10/7/2015,530702579,11/9/2015,5541,531160.26
Iceland,Personal Care,Offline,L,11/7/2013,546140086,12/19/2013,3843,96305.58
Belarus,Vegetables,Offline,M,6/7/2017,215584218,6/21/2017,5016,316660.08
Sweden,Cereal,Online,L,5/29/2016,407220542,7/4/2016,4463,395377.17
Ireland,Vegetables,Online,L,4/24/2016,956969964,5/27/2016,7533,475558.29
Slovenia,Fruits,Online,L,12/11/2014,399256312,1/5/2015,7670,18484.7
Croatia,Snacks,Offline,M,3/3/2011,488815915,4/17/2011,347,19133.58
Lithuania,Clothes,Offline,C,4/29/2012,530262696,5/11/2012,5370,394372.8
Switzerland,Cosmetics,Online,L,2/26/2016,243521249,3/28/2016,2204,383209.48
Iceland,Cosmetics,Online,M,1/27/2011,878614270,2/17/2011,342,59463.54
Denmark,Vegetables,Offline,H,5/23/2014,954341828,7/11/2014,9809,619242.17
Moldova ,Beverages,Online,H,9/12/2010,607620608,9/20/2010,7296,114255.36
Cyprus,Personal Care,Online,L,1/2/2014,561534678,1/29/2014,9445,236691.7
Hungary,Vegetables,Offline,L,1/6/2014,768676316,2/8/2014,7259,458260.67
Norway,Cosmetics,Offline,L,12/9/2011,337354791,1/28/2012,9634,1675063.58
Norway,Meat,Offline,M,9/12/2012,917874085,9/23/2012,8194,468696.8
Poland,Cereal,Online,C,9/8/2013,176050603,10/28/2013,6140,543942.6
Lithuania,Meat,Offline,C,2/20/2010,930296790,3/26/2010,4348,248705.6
Romania,Cereal,Online,L,9/14/2011,273940503,10/19/2011,3937,348778.83
Greece,Fruits,Offline,C,5/28/2014,656244552,6/19/2014,6201,14944.41
Macedonia,Household,Online,C,7/28/2014,666483724,8/31/2014,6199,1027360.27
Malta,Meat,Online,H,5/15/2016,422568786,6/17/2016,6349,363162.8
Denmark,Vegetables,Online,L,8/26/2012,969195258,9/17/2012,5269,332631.97
Netherlands,Office Supplies,Online,C,7/29/2011,857457864,9/16/2011,9691,1223488.75
Hungary,Vegetables,Online,M,6/5/2012,495631301,7/18/2012,7171,452705.23
Slovakia,Office Supplies,Offline,H,6/23/2014,224647080,7/30/2014,6918,873397.5
Armenia,Office Supplies,Offline,H,8/3/2014,883504474,9/8/2014,7462,942077.5
Austria,Office Supplies,Offline,C,4/3/2015,575552117,4/26/2015,7516,948895
Andorra,Baby Food,Offline,H,7/15/2013,141764247,8/29/2013,46,4409.56
Italy,Vegetables,Offline,M,4/11/2016,608374631,4/12/2016,428,27019.64
Portugal,Household,Online,L,1/17/2012,200432097,1/31/2012,1167,193406.91
Romania,Snacks,Offline,M,8/21/2010,884462773,10/5/2010,1044,57566.16
Czech Republic,Office Supplies,Offline,M,6/19/2010,885046851,7/19/2010,3886,490607.5
Czech Republic,Vegetables,Online,M,6/14/2012,527079236,6/20/2012,3314,209212.82
Denmark,Clothes,Online,C,11/9/2012,161812150,11/12/2012,2666,195791.04
Hungary,Cosmetics,Offline,H,6/10/2013,689349019,7/23/2013,2548,443020.76
Italy,Household,Offline,M,2/22/2011,677851569,3/2/2011,198,32814.54
Hungary,Clothes,Offline,H,1/21/2015,538430345,3/10/2015,2359,173244.96
Switzerland,Beverages,Online,H,1/30/2010,797461354,2/5/2010,5391,84423.06
Switzerland,Cosmetics,Offline,C,9/10/2014,347609412,9/17/2014,4205,731123.35
Belarus,Vegetables,Online,C,1/5/2011,180479466,1/12/2011,6740,425496.2
Norway,Personal Care,Offline,M,1/14/2014,634033286,1/15/2014,3394,85053.64
Ukraine,Cereal,Offline,L,4/14/2014,559183347,5/21/2014,3633,321847.47
Armenia,Meat,Offline,M,11/9/2015,781416594,12/23/2015,7390,422708
Denmark,Clothes,Offline,H,5/9/2012,713357150,6/3/2012,7088,520542.72
Finland,Clothes,Online,L,4/22/2014,906794202,5/11/2014,9410,691070.4
